Mouse DBS,Olink NPX Signature 1.6.0.0
NPX data
Panel,Olink Target 96 Mouse Exploratory(v.3802),Olink Target 96 Mouse Exploratory(v.3802),Olink Target 96 Mouse Exploratory(v.3802),Olink Target 96 Mouse Exploratory(v.3802),Olink Target 96 Mouse Exploratory(v.3802),Olink Target 96 Mouse Exploratory(v.3802),Olink Target 96 Mouse Exploratory(v.3802),Olink Target 96 Mouse Exploratory(v.3802),Olink Target 96 Mouse Exploratory(v.3802),Olink Target 96 Mouse Exploratory(v.3802),Olink Target 96 Mouse Exploratory(v.3802),Olink Target 96 Mouse Exploratory(v.3802),Olink Target 96 Mouse Exploratory(v.3802),Olink Target 96 Mouse Exploratory(v.3802),Olink Target 96 Mouse Exploratory(v.3802),Olink Target 96 Mouse Exploratory(v.3802),Olink Target 96 Mouse Exploratory(v.3802),Olink Target 96 Mouse Exploratory(v.3802),Olink Target 96 Mouse Exploratory(v.3802),Olink Target 96 Mouse Exploratory(v.3802),Olink Target 96 Mouse Exploratory(v.3802),Olink Target 96 Mouse Exploratory(v.3802),Olink Target 96 Mouse Exploratory(v.3802),Olink Target 96 Mouse Exploratory(v.3802),Olink Target 96 Mouse Exploratory(v.3802),Olink Target 96 Mouse Exploratory(v.3802),Olink Target 96 Mouse Exploratory(v.3802),Olink Target 96 Mouse Exploratory(v.3802),Olink Target 96 Mouse Exploratory(v.3802),Olink Target 96 Mouse Exploratory(v.3802),Olink Target 96 Mouse Exploratory(v.3802),Olink Target 96 Mouse Exploratory(v.3802),Olink Target 96 Mouse Exploratory(v.3802),Olink Target 96 Mouse Exploratory(v.3802),Olink Target 96 Mouse Exploratory(v.3802),Olink Target 96 Mouse Exploratory(v.3802),Olink Target 96 Mouse Exploratory(v.3802),Olink Target 96 Mouse Exploratory(v.3802),Olink Target 96 Mouse Exploratory(v.3802),Olink Target 96 Mouse Exploratory(v.3802),Olink Target 96 Mouse Exploratory(v.3802),Olink Target 96 Mouse Exploratory(v.3802),Olink Target 96 Mouse Exploratory(v.3802),Olink Target 96 Mouse Exploratory(v.3802),Olink Target 96 Mouse Exploratory(v.3802),Olink Target 96 Mouse Exploratory(v.3802),Olink Target 96 Mouse Exploratory(v.3802),Olink Target 96 Mouse Exploratory(v.3802),Olink Target 96 Mouse Exploratory(v.3802),Olink Target 96 Mouse Exploratory(v.3802),Olink Target 96 Mouse Exploratory(v.3802),Olink Target 96 Mouse Exploratory(v.3802),Olink Target 96 Mouse Exploratory(v.3802),Olink Target 96 Mouse Exploratory(v.3802),Olink Target 96 Mouse Exploratory(v.3802),Olink Target 96 Mouse Exploratory(v.3802),Olink Target 96 Mouse Exploratory(v.3802),Olink Target 96 Mouse Exploratory(v.3802),Olink Target 96 Mouse Exploratory(v.3802),Olink Target 96 Mouse Exploratory(v.3802),Olink Target 96 Mouse Exploratory(v.3802),Olink Target 96 Mouse Exploratory(v.3802),Olink Target 96 Mouse Exploratory(v.3802),Olink Target 96 Mouse Exploratory(v.3802),Olink Target 96 Mouse Exploratory(v.3802),Olink Target 96 Mouse Exploratory(v.3802),Olink Target 96 Mouse Exploratory(v.3802),Olink Target 96 Mouse Exploratory(v.3802),Olink Target 96 Mouse Exploratory(v.3802),Olink Target 96 Mouse Exploratory(v.3802),Olink Target 96 Mouse Exploratory(v.3802),Olink Target 96 Mouse Exploratory(v.3802),Olink Target 96 Mouse Exploratory(v.3802),Olink Target 96 Mouse Exploratory(v.3802),Olink Target 96 Mouse Exploratory(v.3802),Olink Target 96 Mouse Exploratory(v.3802),Olink Target 96 Mouse Exploratory(v.3802),Olink Target 96 Mouse Exploratory(v.3802),Olink Target 96 Mouse Exploratory(v.3802),Olink Target 96 Mouse Exploratory(v.3802),Olink Target 96 Mouse Exploratory(v.3802),Olink Target 96 Mouse Exploratory(v.3802),Olink Target 96 Mouse Exploratory(v.3802),Olink Target 96 Mouse Exploratory(v.3802),Olink Target 96 Mouse Exploratory(v.3802),Olink Target 96 Mouse Exploratory(v.3802),Olink Target 96 Mouse Exploratory(v.3802),Olink Target 96 Mouse Exploratory(v.3802),Olink Target 96 Mouse Exploratory(v.3802),Olink Target 96 Mouse Exploratory(v.3802),Olink Target 96 Mouse Exploratory(v.3802),Olink Target 96 Mouse Exploratory(v.3802),Olink Target 96 Mouse Exploratory(v.3802),Olink Target 96 Mouse Exploratory(v.3802),,
Assay,Clmp,Matn2,Cpe,Gcg,Gdnf,Yes1,Il17a,Foxo1,Tnfrsf11b,Tgfb1,Pla2g4a,Il6,Prdx5,Tgfa,Ccl5,Epo,Axin1,Fst,Rgma,Nadk,Tnni3,Notch3,Snap29,Cntn1,Clstn2,S100a4,Ca13,Mia,Cant1,Kitlg,Gfra1,Ppp1r2,Adam23,Itgb6,Cyr61,Dlk1,Ahr,Ccl2,Eno2,Plin1,Wfikkn2,Flrt2,Qdpr,Fas,Erbb4,Riox2,Plxna4,Epcam,Ccl3,Crim1,Vsig2,Hgf,Sez6l2,Il1a,Il23r,Dll1,Ddah1,Il10,Tnfrsf12a,Acvrl1,Lgmn,Csf2,Cxcl9,Map2k6,Itgb1bp2,Il17f,Il1b,Casp3,Apbb1ip,Wisp1,Cdh6,Pdgfb,Igsf3,Tgfbr3,Cxcl1,Pak4,Cntn4,Ghrl,Lpl,Fstl3,Dctn2,Il5,Eda2r,Ntf3,Tnfsf12,Ccl20,Fli1,Tpp1,Tnr,Vegfd,Parp1,Tnf,Plate ID,QC Warning,
Uniprot ID,Q8R373,O08746,Q00493,P55095,P48540,Q04736,Q62386,Q9R1E0,O08712,P04202,P47713,P08505,P99029,P48030,P30882,P07321,O35625,P47931,Q6PCX7,P58058,P48787,Q61982,Q9ERB0,P12960,Q9ER65,P07091,Q9D6N1,Q61865,Q8VCF1,P20826,P97785,Q9DCL8,Q9R1V7,Q9Z0T9,P18406,Q09163,P30561,P10148,P17183,Q8CGN5,Q7TQN3,Q8BLU0,Q8BVI4,P25446,Q61527,Q8CD15,Q80UG2,Q99JW5,P10855,Q9JLL0,Q9Z109,Q08048,Q4V9Z5,P01582,Q8K4B4,Q61483,Q9CWS0,P18893,Q9CR75,Q61288,O89017,P01587,P18340,P70236,Q9R000,Q7TNI7,P10749,P70677,Q8R5A3,O54775,P97326,P31240,Q6ZQA6,O88393,P12850,Q8BTW9,Q69Z26,Q9EQX0,P11152,Q9EQC7,Q99KJ8,P04401,Q8BX35,P20181,O54907,O89093,P26323,O89023,Q8BYI9,P97946,P11103,P06804,,,
OlinkID,OID05027,OID05028,OID05029,OID05031,OID05032,OID05033,OID05034,OID05035,OID05036,OID05037,OID05038,OID05039,OID05040,OID05041,OID05042,OID05043,OID05044,OID05046,OID05047,OID05048,OID05049,OID05050,OID05051,OID05052,OID05053,OID05054,OID05055,OID05056,OID05057,OID05058,OID05059,OID05060,OID05061,OID05062,OID05063,OID05064,OID05065,OID05066,OID05067,OID05068,OID05069,OID05070,OID05071,OID05074,OID05075,OID05076,OID05077,OID05078,OID05079,OID05080,OID05081,OID05082,OID05083,OID05084,OID05085,OID05086,OID05087,OID05088,OID05089,OID05090,OID05091,OID05092,OID05093,OID05094,OID05095,OID05096,OID05097,OID05098,OID05099,OID05100,OID05101,OID05102,OID05103,OID05104,OID05105,OID05106,OID05107,OID05108,OID05109,OID05110,OID05111,OID05112,OID05113,OID05114,OID05115,OID05116,OID05117,OID05118,OID05119,OID05120,OID05121,OID05122,

Facility Ctrl,6.00215,7.30777,7.22246,4.30416,2.38976,2.67937,8.35708,2.29549,6.18258,4.66708,7.52292,3.01826,4.03489,6.81684,4.46867,3.92209,4.23411,10.42331,3.35688,6.29413,9.52007,6.92246,7.72499,8.37689,4.21556,11.26870,3.13212,6.25022,3.03658,2.24529,3.96153,2.77552,3.66418,1.58059,7.60621,6.17497,1.93253,12.00824,3.90439,2.22312,5.97046,4.57466,3.25140,6.06062,3.39357,3.84173,4.24312,3.34991,3.97275,3.46498,5.07985,5.75167,6.76590,5.55734,8.70092,5.48985,2.00960,5.78931,6.67261,4.70422,6.62390,2.80322,10.78063,5.82786,1.94776,2.04325,3.13884,7.22360,1.94186,6.06558,5.62060,11.96384,5.64530,4.63090,10.80789,2.96220,3.87131,6.60393,5.90470,6.40042,4.69226,3.13372,4.56821,4.38282,5.81712,10.79429,2.15320,7.62643,2.78053,4.39397,7.03100,3.80181,mouse DBS Plate1,Pass,,
Facility Ctrl,5.96270,7.39500,7.27190,4.18579,2.17584,2.61909,8.35883,2.41451,6.30731,4.79178,7.87039,3.26543,3.98899,6.75386,4.60682,4.00031,4.51486,10.43944,3.18847,6.35028,9.47862,6.87918,7.92198,8.33208,4.02143,11.25641,3.04203,6.33647,3.24063,2.48695,4.16911,3.10217,3.45489,1.76479,7.69242,6.13809,1.81342,12.04925,3.92938,2.57456,5.94200,4.62394,3.28554,6.19550,3.35138,4.13427,5.46552,3.11342,4.04926,4.10671,5.20414,5.80807,6.88304,5.83322,8.77188,5.59465,2.20161,5.81587,6.77197,4.78966,6.70079,2.92944,10.73038,5.93693,2.41998,2.20778,3.20962,7.37082,2.03553,6.10069,5.61587,12.05643,5.74562,4.70827,10.84321,2.88492,4.01181,6.65152,5.89168,6.39574,4.79325,3.33052,4.59715,4.31459,5.75665,10.84408,2.58916,7.67004,2.69397,4.41643,6.92473,3.81704,mouse DBS Plate1,Pass,,
F05:1-Day1,3.14284,3.35672,3.33214,1.74763,1.85560,1.94427,2.50448,3.19556,2.66354,4.46818,8.89376,3.55956,9.15089,4.37023,3.56405,1.64228,6.03301,7.68445,2.35285,8.48072,1.93541,2.90682,9.54543,4.83840,2.38105,10.78989,5.38444,2.99965,1.96611,2.70803,2.44771,4.61797,0.88822,1.00454,3.68281,3.17597,1.90332,8.59934,2.47065,1.93983,3.00363,2.26020,7.13858,4.37630,2.57779,7.38707,2.73959,1.89992,6.78486,3.95421,2.22959,5.38379,4.22343,7.28354,3.48656,2.08420,3.91775,2.72887,2.19119,2.67775,2.72043,2.41387,4.13793,8.95500,1.78312,1.30283,4.76948,10.19303,4.77806,3.62332,2.52590,8.65441,3.08235,2.06886,9.53560,2.39882,2.13192,1.75462,2.63966,2.81830,5.56283,1.92146,1.05383,2.59331,3.46315,8.19282,4.34503,2.74866,1.49779,1.95088,7.70564,2.46352,mouse DBS Plate1,Pass,,
F05:2-Day2,2.94778,3.50906,3.28960,2.33385,1.69640,1.78450,2.32473,3.20015,2.62657,4.20500,8.77116,2.73071,9.36090,4.45675,3.60390,1.71851,6.19131,7.65943,2.64402,8.90509,2.01634,2.81945,9.63205,4.68060,2.65803,10.39673,5.69920,2.95298,1.96044,2.86782,2.52679,4.79110,0.95269,0.30445,3.85490,3.13358,1.78622,8.79634,2.49419,2.31628,3.24204,2.49107,7.19678,3.89116,2.67030,7.53275,2.94362,2.10244,5.96612,4.05217,2.08275,5.02494,4.08338,6.97374,3.21968,2.08964,3.77148,2.49605,2.27308,2.43840,2.59750,2.30290,4.33483,8.96488,1.69793,1.36770,4.11897,10.23145,4.90345,3.40934,2.61356,8.15408,3.04071,2.02800,8.27901,3.11529,2.06666,1.87565,2.66355,2.83716,5.61911,2.34857,0.83778,2.76708,2.93701,5.58287,4.70253,2.73199,1.37053,2.03456,7.70744,2.18860,mouse DBS Plate1,Pass,,
F06:2-Day1,2.93875,3.04962,3.26725,2.15410,2.01999,1.70722,1.99554,3.05920,2.59719,4.54721,9.01787,2.80190,8.81800,4.13010,3.73254,1.69279,6.48091,7.52740,2.58951,7.97929,1.95940,2.81683,9.77552,4.58523,2.56430,10.37553,5.49177,3.20464,1.98633,3.15939,2.33605,4.85544,1.32653,0.19913,3.67209,3.38220,1.72887,8.57157,2.49457,2.27217,5.17279,2.39494,7.25607,3.93354,2.63280,6.90050,3.00482,1.88183,6.25069,4.06328,1.82192,4.98001,4.48014,6.97542,3.36359,2.02095,3.86914,2.55956,2.28518,2.41575,2.57061,2.58734,4.99256,9.14469,2.21407,1.31542,3.88375,10.27493,4.98066,3.73659,2.74894,8.58708,3.20718,2.36085,9.10758,3.42750,1.99444,2.05987,2.96268,2.64656,6.05474,2.37717,1.23159,2.83255,3.47509,4.66341,4.24454,3.06000,1.55545,1.94467,7.44994,2.52741,mouse DBS Plate1,Pass,,
F05:4-Day5,3.05998,4.07264,3.51374,1.84068,2.08288,1.94634,5.28239,2.80895,2.92698,4.86984,9.02973,3.74069,9.93536,5.73119,3.44418,1.49696,6.46602,8.81049,2.72399,9.40730,2.17007,2.84163,9.62856,4.90516,2.82067,11.08423,5.59854,3.04897,1.91555,2.98079,3.09423,4.85858,1.00423,1.28562,4.54420,3.24496,2.01562,9.22908,2.67597,2.28530,3.46899,3.03474,7.13357,4.85321,2.69534,7.47192,3.05207,1.32996,9.73889,4.32634,1.74835,6.31997,4.30046,8.64140,3.21674,2.19427,4.08964,2.50909,2.41944,2.56311,3.18752,2.76374,4.83102,9.03483,1.79060,1.38051,6.38128,10.30813,5.04749,3.67361,2.65941,9.63839,3.41190,2.15147,9.90426,3.67277,2.03557,1.86314,2.79340,3.08975,6.00437,2.33257,1.30032,2.77725,3.48634,5.01622,4.61503,2.75726,1.56003,2.07941,8.21630,2.61974,mouse DBS Plate1,Pass,,
F05:3-Day3,3.11068,4.77347,3.42489,2.02388,1.87130,2.22997,2.30882,3.23792,2.86064,4.70797,8.92470,2.79718,9.72362,4.96773,3.75123,1.49909,6.18688,8.63818,2.37334,9.27961,2.22708,2.71715,9.57443,4.58429,2.87157,11.15170,5.85750,2.94731,2.14021,2.83514,3.49754,4.87571,1.29553,0.64481,4.03778,3.23909,2.75388,9.61477,2.74555,2.38049,3.28253,2.78432,7.21547,4.50563,2.62117,7.46642,3.11661,1.87116,8.03104,4.45602,1.01801,5.37606,4.09369,7.41554,3.31382,2.13233,4.25246,2.35338,1.92681,2.74665,3.40621,2.33339,5.07051,9.11393,1.77149,1.37655,4.48996,10.30556,5.05702,3.71979,2.77078,8.61153,3.14497,2.37237,8.83049,3.24913,1.94359,2.00095,2.94981,3.25210,5.75380,2.16172,0.94322,2.90939,3.76387,5.06233,4.82890,2.96924,1.72964,2.18120,8.14553,2.68650,mouse DBS Plate1,Pass,,
F05:2-Day4,3.18407,4.84797,3.38857,1.80503,2.14176,2.38739,2.53620,3.17352,2.63505,4.11775,8.13662,2.61027,10.35678,5.09117,3.54590,1.13120,6.15321,8.88225,2.22177,9.42635,2.44922,2.80518,9.38877,4.68717,2.62429,11.16438,5.80804,3.03224,1.78560,2.84761,3.73020,4.88010,1.31887,1.32662,4.25102,3.20489,3.11242,10.53245,2.68260,2.46219,3.07460,3.26576,7.15430,4.30396,2.56033,7.68911,2.67556,1.66951,7.98552,3.86624,1.62320,5.28241,4.07127,7.29783,3.39099,1.90206,5.33881,2.37933,1.95842,2.92992,3.91448,2.66591,4.86409,8.94336,2.00084,1.34581,4.73013,10.24612,4.95638,3.55103,2.56663,7.91922,3.11042,2.15673,8.44535,3.35503,1.87112,1.96122,2.54613,2.75677,6.08946,1.28587,1.21708,2.61735,3.93460,4.72226,4.25230,2.75122,1.19572,2.06314,8.31961,2.58806,mouse DBS Plate1,Pass,,
F06:3-Day1,2.86985,3.01368,3.29916,1.93297,1.48395,1.70194,1.78197,3.26239,2.57329,4.46279,8.95077,2.75987,8.68423,4.16959,3.36170,1.73998,6.15697,7.60110,2.31662,7.67442,2.05606,3.17831,9.48268,4.89598,2.69881,9.91408,5.26184,2.81872,1.78728,2.88756,2.04146,4.71741,1.08255,0.46343,3.87030,3.25120,1.42164,7.99901,2.27255,2.12333,3.28428,2.27716,7.16811,3.87960,2.65524,7.34068,2.97779,1.27608,4.77515,4.10864,1.26219,4.99037,4.19731,7.09016,3.32997,2.01524,3.65204,2.53972,2.10939,2.71475,2.46604,2.27470,3.99447,9.05376,1.79709,1.18095,3.44752,10.25439,4.87140,3.53369,2.48172,8.61486,2.92020,2.17654,8.80852,3.01287,2.09004,1.90058,3.65874,2.42351,5.78324,2.06358,0.93755,2.51984,2.95348,4.35475,4.45313,2.74366,1.48668,2.12828,7.34072,2.25624,mouse DBS Plate1,Pass,,
F05:3-Day2,3.03155,3.76887,3.24044,1.50414,1.33342,2.17696,2.12008,3.53277,2.60102,4.91827,9.07197,2.46807,9.60093,4.75990,3.76339,1.33760,6.48295,8.24186,2.12722,9.05854,2.11670,2.93508,9.66856,4.81001,2.14788,10.91175,5.93611,3.27696,2.10469,3.00966,2.63062,4.71728,1.49659,1.29676,4.06370,3.47128,2.09892,9.54802,2.48877,2.05234,3.54578,2.18894,7.19013,4.31380,2.50630,7.67269,2.69342,1.89885,8.19480,4.09605,1.59134,5.45426,4.02733,7.65906,3.80292,2.23667,4.23229,2.61129,2.16491,2.70582,2.94261,2.96202,4.64073,9.13060,2.34052,1.36016,4.94568,10.25971,5.00556,3.66622,2.76822,8.88362,2.79437,2.09953,9.28144,2.98764,1.88945,1.55224,2.89487,2.76448,5.99591,2.28562,0.99151,2.34689,3.60232,5.48153,5.15694,2.91057,1.22163,1.82565,7.98987,2.38647,mouse DBS Plate1,Pass,,
F06:3-Day0,2.91375,3.09473,3.44051,1.69619,1.61335,1.87738,2.04816,3.01102,2.49806,4.46772,9.18504,2.61821,8.86657,3.96831,3.31106,1.49236,6.50722,7.28439,2.30420,7.80344,1.85061,3.15660,9.91278,5.07563,2.73146,10.56663,5.41794,2.94390,2.12877,2.96325,2.09112,4.91075,1.10798,0.37259,4.13948,3.18171,1.64109,7.15099,2.64667,2.35892,3.56163,2.19635,7.30144,3.83508,2.55175,6.40472,2.82815,1.90518,4.01990,4.43048,1.92003,5.15752,4.28721,7.43361,3.25514,2.17557,3.59549,2.57835,1.85889,2.81340,2.57935,2.32440,4.04980,9.19928,1.90405,1.22904,3.10257,10.28559,5.02596,3.60248,2.74948,8.60047,3.19453,2.05773,9.06063,3.09368,2.03616,2.17417,2.74010,2.01459,5.91441,1.87328,0.85654,2.90181,2.88313,4.79831,4.39008,2.64233,1.25907,1.97714,6.75480,2.06533,mouse DBS Plate1,Pass,,
F06:4-Day1,3.29895,4.11633,3.54339,2.15062,1.90178,2.34880,1.92056,2.98168,2.83605,4.61762,8.99879,3.45486,9.46930,4.63673,3.48399,1.41653,6.51959,7.80798,2.19849,8.36612,2.14787,2.97893,9.73192,4.61690,2.82108,11.09783,6.05873,3.09746,2.09198,3.05358,2.95525,4.96091,0.92458,0.24622,3.97790,3.05711,2.05962,8.78954,2.80908,2.18659,3.21605,2.52839,7.30927,4.15453,2.68179,6.91675,2.84918,1.48054,6.50269,4.38086,1.68383,5.16648,4.18443,7.38334,3.23259,2.09351,4.01356,2.43202,2.16457,2.63389,2.85303,2.34161,4.25003,9.20367,1.55356,1.36180,4.49448,10.26541,4.96120,3.61286,2.76630,8.75971,3.23175,2.38942,9.45320,3.65156,2.02882,2.16950,2.78543,2.92233,6.08160,2.57227,0.65077,2.88868,3.38796,5.45747,4.17391,2.67174,1.45144,2.01965,7.01100,3.43114,mouse DBS Plate1,Pass,,
F05:2-Day5,3.36244,4.58921,3.75380,2.19778,2.28253,2.04941,3.34189,3.29919,2.93126,4.48153,8.81266,2.82605,9.82942,4.89732,3.83370,1.22000,6.42718,9.10841,2.43514,9.61108,2.49594,3.10333,9.59236,4.92543,2.45935,11.16042,5.63576,2.86341,2.06300,2.98041,3.45874,4.92216,0.98432,0.30129,4.34719,3.14178,2.68477,10.24755,2.68385,2.08124,3.41169,3.43340,7.20365,4.62423,2.62023,7.82343,3.05590,1.54156,7.19175,3.95792,1.97166,5.68675,4.13179,7.49393,3.55040,2.19371,3.88205,2.57498,2.16840,2.48906,3.41697,2.24443,4.57040,9.00397,1.78823,1.32587,4.93768,10.22072,4.99614,3.88908,2.74507,8.97090,3.39362,2.34496,9.18358,3.33576,2.21414,2.12688,2.89321,3.07921,5.76076,1.77301,1.16478,2.75884,3.67005,5.12525,4.94781,2.64612,1.51577,2.06658,8.40986,2.44275,mouse DBS Plate1,Pass,,
F05:4-Day0,2.98292,3.72563,3.51149,2.29813,1.55236,1.89165,2.21366,3.23601,2.50779,4.31289,9.10138,2.58402,8.80972,3.85294,3.74717,1.40341,6.64437,7.28786,2.27887,7.95951,1.89371,2.77837,9.67745,4.73074,2.57289,10.52305,5.56457,2.84835,1.87711,3.02074,2.44663,4.92929,1.22369,-0.07929,4.10718,3.25300,1.77571,7.25373,2.64575,2.25345,3.26538,2.56484,7.24276,3.85220,2.56237,6.63717,2.97915,1.99549,3.95577,4.44785,1.47796,5.32883,4.31456,7.16067,3.21660,1.92247,4.14444,2.68245,2.26117,2.50943,2.62943,2.12648,4.20169,9.13097,2.08609,1.23398,3.18791,10.22554,5.08010,3.47862,2.64243,8.89115,3.12576,2.27060,8.85186,3.53431,2.20073,2.63077,2.50216,2.02038,5.85807,2.46988,0.80139,2.85115,3.01219,4.96464,4.63474,2.71608,1.65048,2.06984,7.27274,2.10206,mouse DBS Plate1,Pass,,
F06:4-Day9,3.13491,3.18962,3.10916,2.18837,1.63507,2.28726,2.50354,3.50316,2.95226,4.57536,8.95878,2.76823,9.09659,4.50197,4.25485,1.12153,6.40012,7.85947,2.24884,9.39865,2.81659,3.07218,9.34512,4.14721,2.70709,10.97048,5.91719,2.69612,1.84779,3.25629,2.38199,4.71206,1.16259,0.90375,4.12308,3.28818,2.21155,9.27697,2.59526,2.17239,3.99484,2.42333,7.26645,4.48829,2.54702,7.79806,3.02549,2.05293,5.99972,4.17900,1.44416,5.49421,4.03584,6.33503,3.47972,2.40950,3.85741,2.44375,2.43457,2.88543,3.25841,2.08690,7.37360,8.92777,2.03118,1.08909,3.64718,10.16675,4.98647,3.16479,2.30814,8.48601,3.14281,2.32051,9.37713,3.20012,1.94409,3.70166,2.52571,2.47628,5.59474,2.37854,1.74190,2.74084,3.11959,6.70344,5.37659,2.78303,1.60555,2.03836,8.73547,1.96894,mouse DBS Plate1,Pass,,
F05:1-Day2,2.91308,3.46939,3.24446,1.98971,1.79834,2.07072,2.29003,3.40988,2.63399,4.51892,8.87876,2.77755,9.50208,4.80453,3.73228,1.51006,6.14777,7.65707,2.50268,9.25487,2.03630,2.96285,9.36286,4.78546,2.61639,10.78065,5.71156,2.73637,1.99173,2.72204,2.44604,4.83084,1.21625,-0.07301,3.97948,3.17038,1.86502,9.16865,2.50764,2.15274,3.39191,2.33908,7.22622,4.49176,2.58439,7.74953,2.79635,1.85973,7.06811,4.13076,1.91426,5.63748,4.27074,7.46077,3.38615,2.10262,3.87850,2.19385,2.11052,2.72298,2.69523,2.15174,4.26604,9.06150,2.10376,1.37421,4.60308,10.24487,4.98838,3.66959,2.81032,8.58674,3.16701,2.21868,8.89799,3.29017,2.08232,1.98431,2.60084,2.81622,5.65836,2.41842,1.02705,2.70579,3.30901,6.31470,5.12005,2.84908,1.70940,1.98724,8.25529,2.32910,mouse DBS Plate1,Pass,,
F05:3-Day21.2,3.15831,3.56875,3.36616,1.93088,1.38895,1.82887,2.05441,3.00972,2.47952,4.03889,8.90313,2.62405,8.36758,4.01119,3.26668,1.18527,6.81495,7.12464,2.45318,8.13447,1.89933,3.20363,9.59629,5.42292,2.76449,10.75740,5.74922,2.81470,1.70325,3.30436,2.54654,4.85195,1.27186,0.80443,3.75101,3.15915,1.68320,7.80491,2.54381,2.08995,3.51621,2.50451,7.32993,3.63987,2.69041,7.11240,3.04058,1.46438,3.87575,4.25601,1.55159,4.50904,4.21812,6.76823,3.40507,2.21974,4.34928,2.61341,2.72668,2.70045,2.76275,2.28361,4.41708,9.12704,1.76380,1.40039,2.97683,10.34836,5.14342,3.47692,2.89235,8.28483,3.21054,2.14985,8.71544,3.45906,2.11807,2.31616,2.54729,2.87569,5.62886,2.41464,0.95637,2.76796,3.20541,4.90265,4.10025,2.65710,1.68457,2.05004,7.39187,1.99353,mouse DBS Plate1,Pass,,
F06:2-Day5,3.64121,4.88995,4.13141,2.09686,1.97660,2.37629,1.93418,2.62660,3.33268,4.68483,9.04841,2.99976,9.89142,4.84375,4.07103,1.44208,6.32397,8.57512,2.54185,9.47029,2.56941,2.99048,9.72014,4.71509,2.78874,11.30078,5.89874,2.91555,1.94666,2.95946,3.21277,4.94586,1.28714,0.84076,4.25084,3.34841,2.25799,13.01629,2.92844,2.28525,3.50742,3.31001,7.27046,4.45921,2.63507,6.88420,2.97447,1.81443,6.95638,4.50886,1.62353,5.43180,4.05932,7.37904,3.38531,2.29698,4.12183,2.46809,2.57048,2.61169,4.27005,2.28398,7.25424,9.14611,1.86533,1.39833,3.60603,10.32883,5.08258,3.76002,2.80803,8.48949,3.27941,2.36153,10.70270,3.42063,2.07116,2.11189,2.87454,3.68697,5.95758,2.35389,1.56426,2.89985,3.23691,4.98641,4.11985,3.46256,1.45047,2.14210,7.05236,2.51222,mouse DBS Plate1,Pass,,
F06:3-Day3,3.39494,4.65806,3.91368,1.80582,2.51124,2.37295,1.88512,2.36470,3.48117,4.01354,8.41587,3.66821,9.87696,5.51442,3.53040,1.52890,5.91658,9.85814,2.61397,9.68973,2.21184,2.58843,9.57169,4.64343,2.80848,11.02124,6.06199,2.95798,1.99078,2.81458,3.65393,4.78570,0.95098,0.10941,4.62980,3.17580,2.37556,13.14395,2.73932,2.28554,3.13014,2.87853,7.01718,4.25489,2.54942,6.21004,2.76494,1.16324,6.60366,3.63656,1.91712,4.90466,4.10196,6.94850,3.19833,2.35380,3.72184,2.60271,1.55030,2.74551,3.78893,2.12895,7.46254,8.83166,1.67505,1.27829,3.73736,10.15485,4.83447,3.39329,2.50767,7.70019,3.22070,2.36896,10.52909,3.48882,2.10164,1.71004,2.61369,3.29253,5.92690,1.71640,1.43494,2.77491,3.10276,5.59889,3.07512,2.90911,1.55098,1.94097,6.70315,1.93606,mouse DBS Plate1,Pass,,
F05:3-Day14,2.75332,2.89023,3.37227,2.08544,1.32694,1.73750,1.87495,3.32529,2.47404,4.27059,9.07421,2.65635,9.11728,3.87630,3.46403,1.62529,6.45426,7.50324,2.38028,7.95602,1.82474,2.95933,9.73176,4.87881,2.58356,10.58990,5.78093,2.95249,1.94953,3.10359,2.42310,4.83977,1.25244,0.47802,3.72395,3.37706,1.79303,7.57250,2.51712,2.16809,3.51445,2.24106,7.26939,3.86667,2.54528,7.01771,3.04935,2.06983,4.77087,4.52717,1.56858,4.90261,3.95241,7.05521,3.37401,1.96157,4.67525,2.43311,2.25481,2.49289,2.77031,2.17730,4.08707,9.10735,1.69156,1.26433,2.95465,10.21904,5.01361,3.68306,2.75846,8.48488,3.18511,2.27964,8.75622,3.29565,2.05602,2.05732,2.63827,2.18882,5.92900,2.28252,0.98504,2.70400,2.94538,4.82010,4.80354,2.75350,1.40673,1.87377,8.03506,2.26780,mouse DBS Plate1,Pass,,
F05:2-Day3,2.94284,4.20483,3.03617,1.95436,1.39906,1.50034,1.97998,2.75620,2.60038,2.81705,7.40061,2.89408,8.64425,4.61922,3.18527,1.34503,5.97589,8.11521,2.41520,8.64912,2.20989,2.35916,9.48804,4.15992,2.57518,10.71691,4.98292,2.71893,1.84453,2.73433,2.71690,4.35830,1.17282,0.13294,3.16058,3.14237,1.96341,9.06279,2.45495,2.28717,2.78949,2.50165,6.88310,3.66371,2.54510,6.95061,2.82656,1.46437,6.19746,3.12479,1.47069,3.65417,3.59282,5.53995,3.07564,2.12982,3.47045,2.65546,1.77906,2.49764,2.53249,2.15517,4.05748,8.58541,2.25011,1.24213,3.87897,10.19255,4.70410,2.86296,2.48175,5.56710,3.10575,2.00580,8.08888,3.16138,1.84109,1.83742,2.77309,2.80927,5.34298,1.99576,0.60473,2.62520,2.60489,3.89442,3.20482,2.14644,1.36398,1.91621,7.26499,2.16379,mouse DBS Plate1,Pass,,
F06:4-Day3,2.98181,3.45708,3.46417,2.23811,1.67694,1.71185,1.73548,2.55799,2.90672,4.45611,8.95130,3.08318,9.64499,4.35029,3.84961,1.12327,6.29893,7.93631,2.31818,8.11045,1.96098,2.74857,9.44684,4.39116,2.47440,9.95866,5.41073,2.81262,1.72362,3.04460,2.40752,4.64084,0.99619,0.44851,3.63275,2.98799,1.55065,12.04536,2.27870,1.93633,3.14902,2.41463,7.24358,3.87864,2.52235,6.56108,2.78661,2.06098,7.13630,3.96448,1.80954,5.06248,3.98339,6.89534,3.24028,2.12251,4.74241,2.61982,2.05903,2.56663,3.31262,2.22358,7.09347,9.02155,1.69666,1.17029,3.75138,10.18817,4.86449,3.40412,2.48391,9.09121,2.91694,2.14189,10.61749,2.90913,2.02204,1.96849,2.55379,2.26949,5.88059,2.46094,1.48156,2.52708,2.56505,4.55806,3.93645,3.00408,1.49398,1.88595,6.56764,2.23265,mouse DBS Plate1,Pass,,
F05:1-Day9,3.17127,4.17357,3.84875,1.97133,1.68834,3.20899,2.19632,3.29289,2.66755,4.13915,8.85249,2.72990,9.27587,5.03323,3.76818,1.34959,6.51635,8.16121,2.43874,8.70719,2.05853,2.63382,9.52567,4.56633,2.77367,10.91041,6.03321,2.95109,1.89284,2.88754,3.40501,4.74361,1.27324,0.04997,3.42823,3.29220,2.92618,7.33026,3.21928,2.24851,3.15653,3.94360,7.19642,4.24358,2.82523,7.33294,2.85782,2.30244,4.74400,4.12515,1.46735,4.89422,3.99139,7.06655,3.27916,2.12073,4.04050,2.47840,1.80102,2.76598,4.25921,2.26990,4.25451,9.07593,1.82871,1.28254,2.98156,10.29838,5.00197,3.44273,2.70090,7.89201,3.28334,2.33549,8.91785,3.56881,2.09812,1.81535,2.57820,2.08896,6.05387,2.56913,1.31286,2.95356,4.41563,5.21459,4.68729,2.36641,1.56243,2.17660,8.95983,2.34997,mouse DBS Plate1,Pass,,
F05:1-Day5,3.13992,3.51146,3.52428,1.97616,1.80338,2.03622,2.07770,3.32307,2.72586,4.45207,9.02962,2.64609,9.39570,4.29034,3.75914,1.73717,6.39971,8.19661,2.55149,8.88446,2.23062,3.40304,9.57547,5.17342,2.76950,11.17104,5.68447,2.99927,1.82463,3.00006,2.76447,4.99757,1.09454,0.67631,4.02879,3.36582,2.49171,8.78057,2.71765,2.47182,3.41341,2.79503,7.29891,4.20851,2.66118,7.41715,3.17480,2.05119,4.91730,4.22563,2.01203,5.35613,4.34449,7.21995,3.58166,2.47508,4.25218,2.70932,2.22496,2.51222,3.20074,2.28561,4.71393,9.14620,1.48363,1.49717,3.33029,10.29655,5.09231,3.81899,2.76157,8.54351,3.40034,2.49568,8.89897,3.35530,2.22718,2.12698,2.86253,2.79921,5.99007,2.44126,1.26120,2.95582,3.56470,5.41265,4.95572,2.70772,1.68189,2.03214,8.21077,2.57167,mouse DBS Plate1,Pass,,
F05:2-Day21,3.21926,3.24290,3.20460,1.86850,1.85603,1.76518,3.61189,2.98722,2.47529,4.31590,9.06081,2.49540,8.71819,3.92247,3.36392,1.31811,6.65980,7.57815,2.43566,8.45488,1.95596,3.02515,9.61418,5.07236,2.56965,10.99995,5.61620,2.90571,1.83655,3.22196,2.39414,4.95197,1.15053,0.66054,3.69565,3.12728,2.16495,7.90403,2.53171,2.36604,4.23685,2.33900,7.22420,4.03341,2.65719,6.89892,2.74248,1.77976,4.39092,4.52705,1.37372,5.01764,4.32720,7.17665,3.24250,1.97051,4.26171,2.40328,2.42629,2.48292,2.68449,2.04679,4.40678,9.09135,1.72696,1.34853,3.08322,10.28164,4.97525,3.83891,2.66329,8.53469,3.08186,2.06918,8.86488,3.47627,2.13638,2.29257,2.66671,2.83306,5.80418,1.84479,0.99314,2.72764,3.39180,5.94639,4.48418,2.97510,1.55714,1.76014,7.55786,2.00396,mouse DBS Plate1,Pass,,
F05:2-Day0,3.01943,2.90122,3.39228,1.91188,1.45250,1.95156,3.07279,3.62082,2.44625,4.30032,9.08210,2.50882,8.71700,3.63484,3.74464,1.28900,6.59367,7.39455,2.41568,8.35539,1.94134,2.93926,9.66812,4.75835,2.68509,10.59608,5.46791,2.84642,1.79381,3.03330,2.36666,4.91861,1.13631,0.34660,4.17312,3.11888,1.73175,7.32583,2.52884,2.47940,3.45718,2.26707,7.16215,3.93480,2.53083,7.20950,2.95319,2.09913,4.46266,4.61939,1.90956,5.60319,4.02533,7.16737,3.36048,1.90642,3.98678,2.21931,1.84713,2.71308,2.48154,1.92811,4.46510,9.00749,1.53735,1.24885,3.02513,10.14473,4.89779,3.43286,2.75096,8.97561,3.18802,2.12392,9.08491,3.02736,2.08458,2.41905,2.60813,1.84818,5.99750,2.05743,0.76092,2.73679,3.18227,4.93351,4.64709,2.46787,1.36253,1.98389,7.99712,2.13340,mouse DBS Plate1,Pass,,
F06:1-Day0,2.94807,3.36308,3.67155,1.93019,1.51796,1.98652,2.12232,3.32641,2.57522,4.39086,9.08351,2.57217,8.62723,3.85612,3.66265,1.44890,6.53656,6.74263,2.60839,7.90721,1.75955,3.06046,9.85250,4.92209,2.76619,10.83304,5.44123,3.03944,1.99911,3.01350,2.31406,4.80472,1.25019,0.56266,3.64270,3.35474,1.86808,7.62454,2.79553,2.10059,5.23169,2.42204,7.21656,3.79742,2.40402,6.51884,3.05790,1.72075,4.20705,4.38887,1.79076,4.91359,4.39849,7.30335,3.33124,2.10611,3.70829,2.43656,2.13825,2.67486,2.42361,2.12954,4.23191,9.07973,1.85900,1.45109,2.97257,10.23606,4.95230,3.73202,2.75165,8.82589,3.14749,2.30547,8.95607,3.72567,2.13858,2.25003,2.39495,2.61796,6.06682,2.61795,0.90803,2.77080,3.06503,5.00537,4.33753,2.74783,1.48643,1.98284,7.59749,2.15585,mouse DBS Plate1,Pass,,
F05:4-Day21,3.19456,4.03402,3.34878,1.89674,1.36017,1.87744,1.90458,2.78600,2.63080,4.46553,9.05843,2.53402,8.56069,4.23122,3.44358,1.38598,6.46253,7.29396,2.22199,8.37546,2.08472,3.22290,9.77735,5.18027,2.85873,10.83075,5.56051,2.99635,2.00847,2.99672,2.61065,5.00623,1.22911,-0.02728,3.68958,3.30314,1.70340,7.74257,2.66863,2.15835,3.44928,2.35673,7.19838,3.96019,2.65792,6.51929,3.12785,1.89477,4.82732,4.26163,1.68442,5.01133,4.24574,7.08128,3.19816,2.13158,4.02070,2.72763,2.57401,2.63990,2.75678,2.32607,4.45683,9.13156,1.96356,1.16605,3.29956,10.39777,5.00546,3.80032,2.81266,8.40582,3.16329,2.32573,8.51015,3.30428,2.13844,2.45221,2.51005,3.07755,5.68951,2.24799,1.16667,2.76411,3.00229,4.92011,4.00502,2.75323,1.43756,2.07475,7.67235,2.37186,mouse DBS Plate1,Pass,,
F05:3-Day21.4,2.90450,3.78693,3.21977,2.15063,1.60389,1.75729,1.92071,2.99792,2.42264,4.26944,8.98367,2.56502,8.37139,4.07482,3.22260,1.19571,6.71009,6.90784,2.32935,8.12666,1.96927,3.01343,9.70398,5.22798,2.63719,10.56077,5.67501,2.80649,1.81562,3.27961,2.24427,4.85456,1.10173,-0.18362,3.67825,3.31387,1.64643,7.75203,2.57059,2.26205,3.33787,2.42707,7.28346,3.84909,2.71643,6.83304,2.90704,1.78148,4.03709,4.06018,1.62365,4.87740,4.14610,6.74832,3.36069,2.02345,4.25523,2.48777,2.50853,2.65468,2.73883,2.13511,4.56846,9.09946,2.11505,1.41170,3.09186,10.32102,5.00464,3.40210,2.72203,8.47711,3.29539,2.20004,8.59872,3.47542,2.04144,2.14386,2.41984,2.58586,5.71691,2.50749,0.91679,2.57137,3.20112,4.60887,4.24699,2.63349,1.48441,2.06487,8.01907,2.16570,mouse DBS Plate1,Pass,,
F05:1-Day3,3.10848,4.29054,3.39868,1.86129,1.74305,2.29078,1.88236,3.42604,2.62645,4.28713,8.84405,2.68259,9.51167,4.44178,3.97305,1.22246,6.39672,8.48211,2.29053,9.39584,1.91517,2.84467,9.50880,4.92548,2.57990,11.13766,5.77403,2.97266,1.76126,2.82809,3.14923,4.88785,1.47899,0.46515,4.04770,3.42411,2.67969,9.79009,2.64215,1.90062,2.97848,2.76891,7.33709,4.36261,2.58535,7.57484,2.89888,2.15320,4.90381,3.82986,1.74002,5.40813,4.34478,7.20699,3.29854,2.21572,4.12011,2.82846,2.02664,2.82017,3.12781,2.36355,4.68483,9.11353,2.26528,1.37047,3.57196,10.26088,5.08558,3.67076,2.72807,8.41477,3.10992,2.26885,8.74385,3.56641,2.11992,1.86962,2.79868,2.85570,5.92576,2.52470,1.17977,2.85282,3.38353,5.35185,4.88112,2.78037,1.50711,2.03693,8.38456,2.21561,mouse DBS Plate1,Pass,,
F05:3-Day0,2.78034,3.55468,3.38668,2.13778,1.62945,1.96183,1.99347,3.52810,2.39686,4.68465,9.27566,2.82308,8.86841,3.89135,3.56552,1.07148,6.73676,7.06968,2.44300,8.41031,2.11627,2.94020,9.71620,4.63604,2.71012,10.59435,5.82426,3.01375,2.07908,3.10925,2.41147,5.11164,1.36623,0.06872,3.95421,3.29670,1.71177,7.40702,2.67995,2.35544,3.01629,2.23370,7.33424,4.17501,2.73456,7.00807,3.15661,1.70432,4.49840,4.86038,1.08325,5.50633,4.01022,7.52325,3.52602,2.21719,4.22558,2.61255,2.30772,2.61284,4.36906,2.16828,4.57202,9.29419,2.12488,1.27632,3.11385,10.34790,5.16772,3.62748,2.60005,8.91019,3.22720,2.23142,8.83726,3.33750,2.18324,2.41761,2.54043,2.04309,6.14700,2.46630,1.02833,2.89031,3.55205,4.24005,5.12637,2.95553,1.54863,2.13174,8.16306,2.31030,mouse DBS Plate1,Pass,,
F06:2-Day3,2.79712,3.61192,3.23072,2.24243,1.63420,1.68764,2.09391,2.85503,2.71870,4.33450,8.80346,2.95865,8.65825,4.38071,3.66969,1.38599,6.37365,7.71695,2.53072,8.29614,2.11295,2.65015,9.52499,4.37165,2.85229,9.94981,5.29340,3.05213,2.08235,3.04948,2.57490,4.69386,1.47932,0.04559,3.70835,3.42197,1.60348,9.23217,2.65994,2.87356,3.91019,2.64539,7.19856,3.98909,2.48731,7.15041,3.04421,2.19682,6.17510,3.91995,2.18737,4.71015,4.09579,6.84923,3.19796,2.11646,3.77023,2.55274,1.84250,2.56904,3.60528,2.32127,5.20435,9.01772,2.15328,1.46507,3.47614,10.30384,4.95243,3.41610,2.82336,8.47487,3.34105,2.26319,8.84368,3.36632,2.44920,2.08404,2.87031,2.80880,6.00443,2.56912,0.92819,2.85466,2.95910,4.37804,4.06753,2.47273,1.61005,1.96693,7.37675,2.07206,mouse DBS Plate1,Pass,,
F06:2-Day0,3.05686,3.24930,3.23521,1.83584,1.47726,1.86882,2.07747,2.83136,2.52722,4.36911,9.10896,2.72992,8.61230,3.87892,3.48443,1.37756,6.50206,6.84439,2.24456,7.97720,1.95925,3.08765,9.59992,4.71288,2.80074,10.68753,5.35608,3.09149,1.78854,2.72602,2.27401,5.00667,1.29744,-0.03134,3.47994,3.14388,1.53879,7.55874,2.48761,1.69721,4.20925,2.32125,7.27974,3.75269,2.83030,6.72522,2.92061,1.73536,3.82270,4.33962,2.00738,4.96817,4.33173,7.07619,3.37034,2.24683,3.81813,2.64515,1.94583,2.61585,2.95984,2.08571,4.94005,9.10112,1.82786,1.33647,2.77354,10.29603,4.96762,3.73533,2.62703,8.72684,3.10369,2.25180,9.03496,3.18832,1.97721,1.81644,2.82236,2.19563,6.02075,2.60899,0.86468,2.62203,2.96450,4.04836,4.32719,2.79335,1.62862,1.92977,7.13390,2.05729,mouse DBS Plate1,Pass,,
F05:3-Day9,3.15602,3.52894,3.48884,2.01123,1.70888,2.03917,2.08766,3.07483,2.63797,4.59441,9.17717,2.98725,8.85396,4.51040,3.61854,1.53354,6.66376,7.58459,2.57698,8.48455,2.02006,3.05316,9.72248,5.11306,2.76110,10.97246,5.78676,2.90335,1.91833,3.20453,2.73231,5.02175,1.34602,0.19009,4.06131,3.31485,1.99474,7.97971,2.75719,2.17580,3.28539,2.41076,7.43004,3.96649,2.52000,7.15305,3.01915,1.98642,5.40400,4.49629,1.77336,5.54796,4.08253,7.27429,3.41287,1.94917,4.22603,2.53859,2.29263,2.85147,3.03979,2.15879,4.46917,9.16769,2.12937,1.32322,3.70061,10.37139,5.16498,3.61570,2.63444,9.19656,3.51108,2.16403,8.79284,3.32484,2.12818,2.25695,2.39011,2.85231,6.12018,2.21860,0.91428,2.73782,3.27772,4.59253,4.49490,2.91334,1.57255,2.13690,7.64224,2.28513,mouse DBS Plate1,Pass,,
F06:1-Day9,3.43004,3.41529,3.60661,2.16564,1.20470,2.44679,2.68322,3.82233,2.88537,4.67111,8.96041,2.65163,9.24988,4.66823,5.12500,1.34159,6.30801,7.97900,2.63580,9.38844,2.30923,3.32211,9.70193,4.44725,2.86346,11.05367,5.89604,2.92233,1.92284,3.17335,2.59946,4.80033,1.19175,0.28936,4.53561,3.43632,2.28022,9.28336,2.68589,2.42813,3.86926,2.44791,7.35675,4.54269,2.42290,8.11475,3.01469,1.80215,6.77918,4.39639,1.72855,5.75088,4.27069,6.59069,3.47584,2.48024,3.83807,2.67895,2.67435,3.10301,3.43400,2.40780,6.90915,8.94154,2.22479,1.49807,3.46900,10.24925,5.07571,3.47765,2.76079,8.63846,3.29352,2.35360,9.31160,3.14507,2.01039,3.08976,2.94923,2.66912,5.90207,2.37976,1.81316,2.93952,3.73240,6.41362,5.79157,2.74243,1.54037,2.14733,9.13658,2.26737,mouse DBS Plate1,Pass,,
F06:3-Day5,3.00329,3.60590,3.47804,2.13005,1.56919,1.61902,1.95798,2.58129,3.48490,4.43357,8.89097,4.42405,9.35728,4.11217,4.62892,1.66519,5.98521,7.69914,2.47764,9.25984,2.69938,3.22382,9.63824,4.57230,2.81520,10.12131,5.70244,2.87621,1.92701,2.67502,2.71259,4.54107,1.36860,0.52046,4.03692,3.25855,1.38335,12.27392,2.57682,2.21870,4.53073,2.27738,7.16556,4.07734,2.55061,7.00068,3.07734,1.59708,8.30277,4.14038,1.95843,5.54110,4.09919,7.22230,3.24354,2.47916,3.67015,2.58456,2.36968,2.75590,3.79571,2.22875,6.87712,8.92208,1.48336,1.37224,4.68305,10.17650,4.90287,3.51158,2.59985,8.54039,3.29897,2.30710,10.89614,3.41982,1.93693,2.35798,2.79122,2.51929,5.66886,2.14115,1.56165,2.68504,2.60112,5.34270,4.36745,3.31805,1.60072,2.16237,7.10181,2.61170,mouse DBS Plate1,Pass,,
F06:4-Day0,2.67778,2.76419,3.35967,1.93968,1.52346,1.74321,2.02819,3.00974,2.50816,4.54034,9.19010,2.72772,8.67436,3.70478,3.71255,1.44730,6.70196,6.68773,2.53058,7.67120,2.00703,2.79870,9.77937,4.57415,2.74384,10.54241,5.74162,2.95549,1.85808,3.16060,2.28878,5.03613,1.21471,-0.05558,3.97197,3.27908,1.68728,7.58507,2.64713,2.18964,4.71628,2.37420,7.27568,3.58652,2.71631,6.60643,3.27129,1.71806,3.98780,4.62934,1.96271,4.99347,4.35319,7.17133,3.35916,2.08205,3.93503,2.69573,2.14293,2.64800,2.63326,2.06384,4.60713,9.19943,2.11497,1.26511,2.89316,10.25160,5.05157,3.55178,2.66913,9.09077,3.17122,2.25395,9.29595,3.92480,2.17958,2.62659,2.62462,2.23106,6.24275,2.62672,0.68558,2.96616,2.73964,4.07824,4.50763,2.57581,1.51625,2.10741,7.05735,2.16046,mouse DBS Plate1,Pass,,
F05:4-Day3,3.32371,3.76898,3.41103,1.99830,1.91301,2.09017,3.30494,3.01803,2.64506,4.30049,8.79413,3.00547,9.47155,4.77709,3.61724,1.65830,6.17514,8.54582,2.33576,9.00751,2.06486,3.00976,9.43139,4.74367,2.80528,10.78990,5.57723,2.82707,1.90235,2.91329,2.81347,4.64917,0.79443,0.38540,4.02206,3.02808,2.07193,9.28076,2.53795,2.23902,3.29876,2.57006,7.13498,4.20108,2.51727,7.33356,2.92366,2.05209,7.62455,4.13898,1.88485,5.43744,4.22979,7.34615,3.09393,2.13977,3.74901,2.66244,2.19661,2.81276,2.76901,2.23430,4.53479,8.99604,2.16974,1.38504,5.00415,10.16052,4.88871,3.56907,2.58624,9.03139,3.28092,2.30999,8.95949,3.34572,2.07483,1.92047,2.99960,2.87310,5.71870,2.41797,1.05977,2.81047,3.29457,5.50135,4.49824,2.88430,1.52426,1.96228,7.44105,2.33207,mouse DBS Plate1,Pass,,
F05:4-Day9,3.18773,3.37896,3.62349,1.97961,1.69403,2.55297,2.07109,3.28326,2.69520,4.08582,8.78350,2.62005,8.76352,4.61577,3.73214,1.62376,6.85857,7.25980,2.72053,8.57392,2.11134,3.00578,9.57403,4.88441,2.80124,11.14915,5.97424,3.03826,1.85073,3.48346,2.70666,5.06819,1.35573,0.23971,3.51078,3.46007,2.52770,7.84266,2.84746,2.49416,3.40815,2.86247,7.38754,3.93318,2.71531,7.11226,3.12104,2.26042,4.51701,3.83097,1.88831,4.92109,4.13147,6.38085,3.28090,2.19839,4.36770,2.81143,2.13930,2.77250,3.33532,2.31958,4.87152,9.08929,1.80935,1.55794,3.40824,10.35423,5.24054,3.39576,2.63604,8.12776,3.34916,2.44879,9.11769,3.71743,2.14517,2.29711,2.78974,2.24125,6.15299,2.43847,1.16533,2.89360,3.91751,4.48566,4.34011,2.94730,1.56118,2.12597,7.87242,2.50613,mouse DBS Plate1,Pass,,
F05:1-Day21,3.54520,4.34090,3.89206,1.73081,1.75073,2.26038,2.08945,3.12853,2.55059,4.62378,9.01745,2.42697,8.98595,4.36473,3.55472,1.50636,6.28573,8.32646,2.42811,8.65187,1.97156,3.43575,9.49221,5.69759,2.55902,11.16802,6.04541,2.90035,1.96379,2.86917,2.99751,4.83795,1.16745,0.53925,4.33921,3.35121,2.50928,7.86891,2.80307,2.07459,3.60513,2.69692,7.33756,4.15497,2.70967,7.30484,3.15970,1.68245,4.25652,4.64585,1.70705,5.22811,4.60847,7.94194,3.52676,2.18370,4.16629,2.57773,2.40813,2.70219,3.09278,2.08293,4.72235,9.18654,1.85131,1.34429,3.15475,10.30416,5.08369,4.18011,2.99793,8.75701,3.19461,2.45745,8.79837,3.20663,2.16312,2.01530,2.99711,3.35118,5.88272,2.70835,1.63891,2.83436,3.89695,6.76352,4.60588,2.81297,1.45094,2.01319,8.04016,2.39343,mouse DBS Plate1,Pass,,
F05:2-Day14,3.03840,3.44378,3.47329,1.75541,1.27800,2.18605,2.69007,3.36788,2.57899,4.75338,9.20341,2.48380,9.10001,3.80486,3.96027,1.37468,6.53509,7.44815,2.40960,8.40617,1.95695,3.20236,9.63799,5.11661,2.58909,10.92816,5.90551,3.26427,2.11243,2.98340,2.24537,5.12421,1.26702,1.00267,4.28286,3.54529,2.06053,7.83783,2.70762,2.14004,3.47949,2.45838,7.33208,3.94750,2.52966,7.31884,3.11881,1.94212,4.87526,4.70860,1.94351,5.35829,4.33218,7.42269,3.44867,2.31310,4.41056,2.52479,2.63920,2.78462,2.94861,2.63214,4.25035,9.17199,2.04640,1.36968,3.22750,10.31722,5.02724,3.83470,2.69223,9.21347,3.30745,2.34178,8.91588,3.07300,2.18915,2.35800,2.46988,2.75394,6.08984,2.14433,1.29642,2.81029,3.43712,5.25372,4.89253,2.78988,1.39763,2.11435,7.44006,1.93833,mouse DBS Plate1,Pass,,
F05:1-Day1_B,3.23218,3.96257,3.35237,1.81817,1.87313,2.08387,2.54581,3.23441,2.67049,4.38746,8.89377,3.84694,9.14165,4.65559,3.75097,1.68221,6.16905,7.64196,2.25450,8.51542,1.98677,3.44693,9.56359,5.34741,2.69158,10.95910,5.41710,3.00605,1.86857,2.93599,2.54536,4.56807,1.39797,0.22058,3.94649,3.32909,1.95843,8.77848,2.66739,2.07650,3.25324,2.35995,7.30540,4.57285,2.57945,7.46340,3.11906,1.98787,6.86395,4.31201,1.36223,5.37925,4.48818,7.26358,3.41119,2.64210,4.10460,2.61966,2.35528,2.78221,2.84858,2.32569,4.53260,9.05667,1.67428,1.10481,4.90649,10.27374,4.96782,3.82688,2.79916,8.81253,3.06324,2.33212,9.64519,3.01066,1.99969,1.71307,2.80357,2.89686,5.89286,1.45596,1.15941,2.75977,3.53578,8.24634,4.56152,2.95192,1.41848,1.82734,7.78610,2.20343,mouse DBS Plate1,Pass,,
F06:2-Day7,3.30427,3.24825,3.58129,1.71627,1.76522,1.91104,2.10526,3.23482,3.17475,4.77724,9.24738,2.78295,8.95310,4.18386,4.06650,1.48865,6.30920,7.58174,2.35458,8.45346,2.41452,2.76418,9.80406,4.37918,2.84191,10.79112,5.90099,3.28078,2.28716,3.03643,2.74773,4.94812,1.49635,0.77445,4.10809,3.42680,1.90231,10.77045,2.81138,2.18379,3.66145,2.54766,7.36722,3.92050,2.51894,6.97157,3.10779,2.68843,5.46323,4.45045,1.22786,5.23058,3.99703,7.08835,3.64592,2.18059,3.98886,2.80550,2.25555,2.67605,3.41118,2.41736,6.19507,9.03094,2.08288,1.31119,3.01338,10.18801,4.97672,3.60271,2.54449,8.84101,3.23435,2.26627,9.46455,2.94242,2.14018,2.17833,2.47178,2.52904,5.86492,2.28893,1.23009,3.10090,3.21363,5.11295,4.77628,2.98028,1.53160,2.12266,7.73410,2.42437,mouse DBS Plate1,Pass,,
F05:4-Day4,3.19336,4.63843,3.54202,2.04055,2.33155,2.09904,5.71936,2.91296,2.75666,4.60545,8.79385,3.42435,9.76277,5.08074,3.68456,1.81902,6.33313,8.98034,2.29280,9.29470,2.04769,3.20123,9.57478,5.11562,2.70021,11.09661,5.66116,3.03071,1.87750,3.00915,3.44590,4.82780,1.52387,1.43375,4.25680,3.23606,2.32657,9.62411,2.60797,2.26581,3.39826,2.89634,7.14791,4.56825,2.55264,7.29472,2.86749,1.89477,8.96179,4.23235,2.04827,5.94197,4.30711,8.06328,3.48886,2.12195,4.03507,2.63048,2.37668,2.69723,3.36388,2.62015,4.41126,8.93887,1.90700,1.40742,5.52301,10.15028,4.89071,3.58896,2.83870,9.66359,3.17215,2.36957,9.12106,3.56476,2.17066,2.01681,3.13916,3.05433,6.00330,2.35853,1.29181,2.57576,3.74484,5.19937,4.41467,3.06872,1.60556,2.10756,7.87780,2.80376,mouse DBS Plate1,Pass,,
F06:1-Day4,3.41521,4.94675,3.84205,1.75727,2.33279,2.37429,1.99778,2.54932,3.68860,4.12901,8.25331,3.64626,9.77010,5.60933,4.50799,1.23333,5.97468,9.52317,2.06252,9.88400,2.10272,3.01839,9.38616,4.64457,2.52773,11.12380,5.85810,2.95998,1.73461,2.79872,4.07045,4.74979,1.42533,1.23897,4.27647,3.24690,2.65551,14.29017,2.93482,2.26530,3.56014,3.28889,7.03167,4.51223,2.52601,6.26225,2.87147,1.54776,7.81945,3.64287,2.07210,4.87284,4.01694,6.89792,3.26034,2.52580,4.11005,2.70102,2.13997,2.98189,4.33931,2.77934,7.90528,8.81634,2.09834,1.11468,3.59638,10.13350,4.72071,3.53142,2.40470,7.41466,3.24408,2.39162,11.89570,3.21642,1.86721,1.82533,2.81415,3.22670,5.99941,2.07673,1.51731,2.68614,4.07971,5.86604,3.20293,3.29308,1.40625,2.04520,6.98720,2.59851,mouse DBS Plate1,Pass,,
F05:4-Day2,3.04613,3.78885,3.39671,1.86112,1.11231,2.16171,3.59547,3.10625,2.46864,4.15833,8.67484,2.72920,9.29158,5.17274,3.41417,1.61811,6.09127,8.14162,2.52261,8.76014,1.84367,3.03588,9.52438,4.87996,2.52798,10.96933,5.98776,3.02920,1.75398,2.97589,2.88888,4.82312,1.12973,0.53308,3.66872,3.33158,1.96984,9.10837,2.69754,2.02843,3.37907,2.55039,7.33594,4.23724,2.69406,7.46776,2.66287,1.65216,5.63243,4.00805,1.97322,4.93999,4.26813,7.07529,3.38520,2.05148,3.94453,2.73980,1.32033,2.84685,2.97702,2.45817,5.17855,9.04704,2.02222,1.32278,3.74145,10.25987,5.00597,3.50341,2.93324,7.58449,3.18780,2.19325,8.89086,3.14790,1.96967,1.89637,3.37516,2.48235,5.78431,2.62340,1.10151,2.72298,3.24094,5.05192,4.45519,2.99067,1.56958,2.09295,7.82424,2.44118,mouse DBS Plate1,Pass,,
F06:3-Day9,4.01176,3.72650,3.48176,2.12531,1.63836,2.31071,2.66909,3.76413,3.09720,4.56918,8.86628,2.79432,9.62670,4.64477,4.37837,1.20919,6.25249,8.43981,2.27766,9.57467,2.69591,3.26543,9.38732,4.68254,2.70185,11.08490,5.84625,2.81923,1.86140,3.13393,3.15655,4.72670,1.21678,0.67505,4.34459,3.27608,2.67611,10.11026,2.89111,2.36522,3.98887,2.56600,7.04171,4.76067,2.58406,8.00557,3.00223,2.03460,7.08602,4.20071,1.47489,5.64022,4.31962,6.58776,3.38346,2.34887,3.69966,2.33062,2.67518,2.83232,3.65258,2.31954,8.08882,8.87981,1.55725,1.11307,4.14097,10.20454,4.98789,3.48606,2.71059,8.40355,3.18726,2.30109,9.56532,3.49369,2.04363,2.77351,2.70654,2.83973,5.75563,2.20852,2.16846,2.80652,3.07095,7.14225,5.80946,2.65940,1.55720,2.00164,9.06829,2.29329,mouse DBS Plate1,Pass,,
F05:4-Day1,3.11433,3.13023,3.49345,2.07176,1.65861,1.84885,4.88358,3.43068,2.70276,4.57863,9.05310,3.39700,9.04670,4.40333,3.81693,1.48810,6.38992,7.64264,2.36198,8.28631,2.16437,2.99975,9.62226,5.06405,3.01945,9.75502,5.32835,2.96662,1.99882,2.94455,2.30226,4.99908,1.40788,0.26547,4.15873,3.32428,1.75296,8.64883,2.58006,2.11549,3.47912,2.49280,7.33703,4.14950,3.00254,7.66880,2.90698,1.75337,6.27579,4.40452,1.74760,5.53072,4.39305,7.24852,3.51077,2.12891,3.93882,2.48973,2.48198,2.66786,2.68328,2.47063,4.21032,9.15218,1.74400,1.60669,4.36855,10.26898,5.10122,3.50773,2.83648,8.95466,3.22982,2.30619,9.70506,3.14407,2.09430,2.19460,3.11638,2.16049,5.91543,2.42717,0.81514,2.81521,3.31902,7.04269,4.90067,2.80440,1.56051,2.06621,8.04246,2.32653,mouse DBS Plate1,Pass,,
F06:1-Day3,3.19437,4.79146,3.77561,1.83601,1.72681,2.42548,2.01366,2.89619,3.01144,4.31357,8.59296,2.89376,9.58890,5.25049,4.16855,1.29304,6.25978,8.92290,2.33414,9.23058,1.87258,2.87411,9.47235,4.67598,2.51012,11.07659,5.94159,2.92830,1.55808,2.88997,3.49760,4.83248,1.19181,0.25025,4.11004,3.03707,2.54568,12.35185,2.85826,2.14608,3.24291,2.92449,7.16441,4.18580,2.61246,6.91045,2.89017,1.91451,6.55633,3.64786,1.88442,4.83642,4.12164,7.06388,3.39121,2.31749,4.01002,2.55673,1.82861,2.44817,4.08385,2.12982,7.28684,8.98302,1.67847,1.30462,3.34290,10.21136,4.94805,3.57203,2.50385,8.07403,3.23055,2.43065,10.73726,3.07648,2.00830,1.84339,2.97432,2.90311,5.93681,2.05022,1.33236,2.61253,3.71158,4.96113,3.76518,2.93729,1.29233,2.15434,6.96799,2.31782,mouse DBS Plate1,Pass,,
F05:2-Day2_B,3.03500,3.73790,3.51588,2.02863,1.74367,1.97911,2.63946,3.33982,2.73387,4.41830,8.90593,2.95206,9.52018,4.66384,3.34005,1.89104,6.24724,7.87582,2.40966,9.03611,2.49394,3.36267,9.64465,5.19267,2.59770,10.50029,5.81550,2.98175,1.85257,3.04200,2.56738,5.07149,1.49974,0.44626,4.01514,3.38814,1.91500,8.97093,2.63274,2.33648,3.40645,2.36816,7.23786,4.06959,2.61132,7.48209,3.02881,1.94910,6.13410,4.13073,2.01269,5.18982,4.21838,7.19888,3.36786,2.34495,4.08014,2.69299,2.42009,2.76545,2.73871,2.46761,3.90263,9.02568,1.74720,1.49047,4.27083,10.28095,5.05265,3.72853,2.71141,8.41202,3.23561,2.24244,8.49993,3.48789,2.17894,2.03847,2.71884,2.99370,6.15145,1.86898,0.93879,2.77414,3.24173,5.81414,4.94498,3.03564,1.43200,2.20005,7.96811,2.43246,mouse DBS Plate1,Pass,,
F06:4-Day5,3.32497,4.13413,3.59902,1.95497,1.59446,2.01219,2.15007,2.57101,3.59660,4.63745,8.91850,3.11893,9.34443,5.14326,4.76254,1.46622,5.95548,8.10944,2.33838,9.22009,2.36860,2.97876,9.68584,4.23866,2.65959,10.84873,5.80399,2.91807,1.98543,2.95168,3.24539,4.64231,1.33182,1.05213,4.16419,3.15863,1.73491,13.39476,2.68561,2.52170,4.01403,3.14704,7.27161,4.29166,2.66673,6.72806,2.93603,2.01466,7.54887,4.26451,1.84889,5.19532,3.87501,7.37118,3.03601,2.30910,4.07021,2.62801,2.38648,2.79542,3.83788,2.25519,7.13197,8.94511,1.71000,1.30176,4.26819,10.16967,4.89225,3.72343,2.54773,8.56910,3.04765,2.29680,11.24483,3.03572,2.04815,2.12070,2.92146,2.97399,5.79812,2.24269,1.70968,2.74197,3.01682,5.05994,4.15936,3.25202,1.49555,2.12450,6.69236,2.50403,mouse DBS Plate1,Pass,,
F06:2-Day21,3.25367,3.48965,3.46578,2.11041,1.23951,2.11347,2.17172,3.49531,2.70146,4.53660,9.14039,2.40298,9.13485,4.13461,3.47442,1.11125,6.79550,7.74022,2.50802,9.22968,2.16697,3.24439,9.74585,5.10653,2.72858,10.89220,5.99200,3.13084,2.02962,3.34328,2.44832,5.07018,1.27801,1.71043,4.06799,3.42699,1.99537,8.48822,2.55705,2.42986,3.49050,2.47622,7.30063,4.38582,2.65046,7.86427,2.96721,2.15008,5.19558,4.58256,1.74410,5.52581,4.25461,7.49929,3.63801,2.29066,3.58463,2.34703,2.49812,2.69721,3.18204,2.61332,4.20169,9.07392,2.01858,1.39937,3.27945,10.24954,5.00448,3.71805,2.62498,8.44435,3.17605,2.22952,9.17205,3.74854,2.07031,2.01453,2.96953,2.39473,6.09018,1.85406,1.19482,2.76342,3.21820,7.59586,5.25505,3.09066,1.47069,2.05647,8.69247,2.09479,mouse DBS Plate1,Pass,,
F05:2-Day9,3.20373,3.61293,3.63274,1.82175,1.56781,2.20013,2.65228,3.18222,2.66767,4.33423,9.02810,3.12873,8.77242,4.76582,3.62760,1.54755,6.63559,7.69862,2.33817,8.38796,2.21382,3.38389,9.75174,5.14603,2.90736,10.92232,5.72159,3.04013,1.98189,3.19889,2.46070,4.91275,1.28572,0.22402,3.85769,3.37199,1.94944,8.24264,2.73531,2.67000,3.57265,2.77846,7.33233,3.84217,2.71455,7.19009,3.25736,1.64435,6.72878,4.75454,1.64940,5.09066,4.25014,7.13715,3.30851,2.17820,4.10814,2.74207,2.39080,2.78572,2.86427,2.37557,4.74491,9.09241,1.59697,1.52653,3.68595,10.36445,5.06595,3.71834,2.84155,8.37945,3.13812,2.29079,9.35861,3.64001,2.13083,2.32997,2.67860,2.36208,5.95595,2.55312,1.09632,3.01953,3.54637,5.11828,4.43705,2.95919,1.56752,2.16279,7.37992,2.29185,mouse DBS Plate1,Pass,,
F06:3-Day4,3.54580,4.80670,4.14400,2.25264,2.26402,2.79211,2.23597,2.55343,4.10708,4.31596,8.50123,3.91124,9.36345,5.80794,4.53114,1.41439,6.01953,9.32572,2.51557,9.13559,2.39825,3.09208,9.39368,4.87555,2.68087,11.09006,6.01959,3.00246,2.10024,2.85817,3.64135,4.74344,1.19379,1.12818,4.58068,3.29493,2.35100,13.66447,2.91266,2.56436,4.83331,3.22462,7.20473,4.87166,2.75065,6.74181,2.81778,2.38811,7.17443,3.94581,1.85590,5.45967,4.32021,7.14051,3.32524,2.85019,3.88281,2.82044,2.11855,3.00236,4.46219,2.36889,7.84013,8.90440,2.29421,1.58854,3.28868,10.17381,4.97281,3.65432,2.84508,8.23393,3.44120,2.52488,11.98752,3.61399,2.14179,2.00731,3.40308,3.05399,6.04109,2.12741,1.88795,3.12054,3.70112,6.17748,3.71878,3.57523,1.42185,2.17553,6.88482,2.50472,mouse DBS Plate1,Pass,,
F06:3-Day7,3.40920,3.51683,3.26804,2.30792,1.74762,1.85034,2.93701,3.49502,3.16346,5.00237,9.20231,3.11364,9.33669,4.27613,4.12965,1.35314,6.40438,7.93816,2.41818,9.58269,2.90944,3.35158,9.53318,4.54319,2.70313,10.41027,5.76342,2.98262,2.02027,3.07256,2.43955,4.72159,0.95991,0.63255,4.83001,3.40513,1.87921,10.67791,3.07350,2.25532,4.04494,2.47421,7.23911,4.79484,2.74481,8.18799,3.20883,2.32074,8.29047,4.72972,2.13369,6.20366,4.23640,7.22812,3.22329,2.69194,3.65812,2.52227,2.51605,2.84412,3.39698,2.60159,6.68357,9.00893,1.91698,1.48898,4.47116,10.23082,5.11653,3.58970,2.66557,9.09042,3.32309,2.23053,10.06662,3.50594,2.19167,2.83949,2.45437,2.36346,5.83767,2.63515,1.74008,2.93150,3.19962,5.92231,5.75888,2.66580,1.44006,2.11695,8.73008,2.44211,mouse DBS Plate1,Pass,,
F05:3-Day21.6,3.00974,4.04436,3.48691,2.11903,1.49908,2.18003,2.11932,3.05629,2.51277,4.43261,9.17994,2.55598,8.62166,4.38643,3.16658,1.47822,6.78149,7.21958,2.44089,8.30317,1.93691,2.98443,9.74926,5.38500,2.65079,10.72378,5.78572,2.96746,1.83630,3.38506,2.37529,4.95481,1.40620,0.80843,4.03189,3.41368,1.84596,7.84160,2.57242,2.28248,3.52844,2.70546,7.39108,3.95669,2.87437,7.13419,3.08346,2.03886,4.03847,4.79521,1.80635,5.16445,4.17124,7.33706,3.38845,2.09993,4.21681,2.45231,2.62146,2.77659,2.99569,2.15842,4.44085,9.19888,1.90302,1.21763,3.02263,10.35185,5.19031,3.51653,2.84794,8.79678,3.16915,2.23913,8.59156,3.52055,2.16293,2.34197,2.67927,2.72899,6.03286,2.38053,1.02551,2.96155,3.47901,4.76005,4.62563,2.69037,1.27671,2.02987,7.72796,2.11221,mouse DBS Plate1,Pass,,
F06:1-Day1,3.29146,4.19527,3.63440,2.26678,1.77094,2.38494,2.11989,3.35157,2.68576,4.64576,9.01306,2.98010,9.34966,4.66853,3.80059,1.64641,6.61243,7.90113,2.61154,8.67650,2.13215,3.17394,9.70134,4.95843,2.81375,11.17281,5.84807,3.22126,2.10196,3.11608,2.61413,5.10844,1.43703,0.18187,3.81024,3.47880,2.45949,9.02425,2.78754,2.77204,3.48758,2.75382,7.31238,4.05663,2.80963,7.26918,3.05577,1.90032,5.40323,4.30375,2.09094,5.05877,4.37057,7.35660,3.41676,2.09440,3.89108,2.66348,2.49744,2.94667,3.27421,2.36096,4.30200,9.15558,1.73335,1.45805,3.59441,10.34334,5.07451,3.87453,2.93838,8.75514,3.36972,2.38786,8.95365,3.75016,2.30517,2.07962,2.75250,3.17977,6.15033,2.52834,1.28462,2.98927,3.51735,5.39384,4.79334,2.88475,1.53987,2.29076,7.78723,1.99697,mouse DBS Plate1,Pass,,
F06:2-Day1_B,2.91688,3.20585,3.34528,1.96477,1.80006,1.96676,1.83103,2.98861,2.50811,4.53258,8.97118,2.93090,8.84496,4.18071,3.70083,1.77040,6.50419,7.63390,2.31496,8.00091,1.78877,3.02697,9.66251,4.82157,2.74105,10.42459,5.60642,2.87997,2.06405,2.96329,2.56425,4.82950,1.37910,0.30133,3.86250,3.28708,1.29132,8.70890,2.41670,1.90672,5.11419,2.19099,7.27096,4.03281,2.50930,7.07533,2.86990,1.50826,6.34891,4.10937,1.47023,5.05327,4.50133,7.03207,3.18450,2.34123,3.96661,2.39790,2.33385,2.56824,2.68072,2.27286,5.33927,9.01287,1.75099,1.17109,3.81632,10.18143,4.96455,3.86715,2.79546,9.00061,3.17066,2.27058,9.10864,3.26531,2.16651,1.88860,3.23413,2.74718,6.24625,1.95478,1.20218,2.85593,3.56826,4.58731,4.82318,2.96952,1.41352,1.85264,7.60486,2.40083,mouse DBS Plate1,Pass,,
F06:3-Day2,2.95404,3.85847,3.62037,1.93288,1.76805,2.30186,2.02497,2.81450,2.74808,4.09877,8.58137,2.48150,9.34822,5.03961,3.31494,1.65860,6.23942,7.75423,2.30188,8.58636,1.80467,3.14297,9.74029,4.89598,2.62775,11.07372,5.98381,2.97700,2.04052,2.98043,2.91699,4.66388,1.12934,0.16034,3.85001,3.25905,2.00931,9.79288,2.66473,2.16697,3.31195,2.56853,7.21450,4.05691,2.46221,7.09183,2.98444,1.90422,5.46528,4.16083,1.63917,4.85225,4.23145,7.14025,3.06193,2.24409,3.57675,2.33279,1.46151,2.75489,2.79768,2.11790,5.08384,9.05545,1.57918,1.16314,3.31813,10.22818,4.92813,3.53314,2.82277,7.92693,3.17668,2.41186,8.98691,3.40937,2.13065,1.82350,2.97973,2.44778,6.40698,2.09543,0.98832,2.85232,3.06178,4.43253,3.99699,2.56158,1.38106,1.99750,6.97643,2.10542,mouse DBS Plate1,Pass,,
F05:1-Day14,3.15687,3.52749,3.51020,1.96147,1.36693,1.95003,2.06811,3.44638,2.51834,4.48717,9.15793,2.46239,8.86535,4.04855,3.93184,1.49859,6.61284,7.93857,2.63671,8.19978,1.85928,3.38066,9.83932,5.31236,2.71431,10.86836,5.85409,2.99150,1.77519,3.08572,2.70619,4.90784,1.40524,0.21224,4.04887,3.34948,2.06725,7.51531,2.57507,2.11927,3.65373,2.42748,7.31250,4.05343,2.71707,7.32059,3.11410,2.21802,4.51939,4.38415,2.02022,5.13291,4.32642,7.39615,3.41896,2.33463,4.13408,2.49754,2.30329,2.68024,2.82953,2.17405,4.36194,9.15796,2.41271,1.54635,2.89777,10.34014,5.07131,3.86320,2.82653,8.76345,3.13749,2.32354,8.95834,3.17007,2.20597,2.14426,3.05659,2.50547,6.01939,2.54288,1.27812,2.97803,3.60953,6.44742,4.77882,2.64415,1.65416,2.09603,8.19947,2.21839,mouse DBS Plate1,Pass,,
F06:3-Day10,4.10500,3.70668,3.64661,2.22585,2.15199,2.62811,2.39929,2.85856,3.01575,4.38163,8.78275,3.34732,10.04180,5.18441,3.65130,1.39118,6.02195,8.44733,2.43052,9.87285,2.41791,3.34095,9.49888,4.80626,2.76851,11.15441,5.63900,2.90247,1.97948,2.93186,3.14694,4.66788,1.27749,0.38702,4.43506,3.39587,2.52778,10.22201,3.14976,2.19484,4.18967,2.84776,7.12045,4.64759,2.83822,7.46548,2.86697,1.92646,7.64794,3.99840,1.85658,5.87511,4.64126,6.83930,3.84006,2.86775,4.18925,2.69856,2.86051,2.84440,3.97062,2.39891,7.86637,8.93146,1.75492,1.45546,5.35512,10.20845,5.04151,3.53711,2.64103,8.27552,3.38936,2.50599,9.68596,2.84750,1.98838,3.25602,2.90565,2.61214,5.64784,2.17586,2.16148,2.77720,2.93222,6.28465,5.26760,2.95348,1.87780,2.02627,8.62431,2.44954,mouse DBS Plate1,Pass,,
F05:4-Day14,3.16729,3.44168,3.45811,2.25441,1.57863,1.98417,1.86325,3.24342,2.56784,4.51345,9.15447,2.45624,9.06584,3.97464,3.68068,1.49801,6.48292,7.93490,2.49207,8.18185,1.99782,3.21771,9.69522,5.10412,2.90548,10.83648,5.62640,2.83550,2.02775,3.03943,2.32449,4.84294,1.12629,0.36431,3.89407,3.27806,1.94313,7.47787,2.56602,2.52635,3.60692,2.32152,7.32280,3.91297,2.70455,7.18846,2.99331,2.11993,4.38574,4.49152,1.78732,5.01358,4.22484,7.36884,3.14385,2.02488,4.57672,2.35648,2.10980,2.54989,2.84661,2.12689,4.32343,9.12636,1.57874,1.30907,3.03988,10.26540,5.10327,3.80930,2.68416,8.49019,3.05492,2.51513,8.66973,3.23393,2.14772,2.00575,3.07326,2.31066,5.90030,2.46048,1.12439,3.01487,3.12491,4.83871,4.73935,2.70611,1.52938,2.00689,8.06249,2.21937,mouse DBS Plate1,Pass,,
F05:3-Day21.3,2.88269,3.86685,3.47407,1.80295,1.50507,2.19018,1.83948,2.90973,2.54334,4.85020,9.20638,2.77428,8.61518,4.35823,3.50349,1.31583,6.59942,7.22259,2.61672,8.12043,2.15016,3.09510,9.75856,5.31991,2.73102,10.87330,5.81638,2.96629,2.00132,3.18961,2.59572,4.92704,1.30593,0.16330,3.87357,3.27190,1.66484,7.83637,2.45682,2.33722,3.35328,2.67639,7.31095,4.14385,2.72610,6.78482,3.27737,1.55851,4.16806,4.54148,2.11517,5.21300,4.23178,7.36654,3.42657,2.28857,4.15786,2.67043,2.57015,2.68573,2.98704,2.24534,4.52119,9.26536,1.68355,1.38086,3.10479,10.40194,5.09112,3.56042,2.84483,8.93858,3.22681,2.33735,8.81219,3.33907,2.05319,2.37136,2.37566,2.77306,5.95685,1.94572,0.98598,2.83560,3.22724,4.89824,4.61041,2.77068,1.51957,2.07269,7.98121,2.53794,mouse DBS Plate1,Pass,,
F06:1-Day2,3.22145,4.05360,3.57745,2.21643,1.70874,1.80151,2.19521,3.10869,2.80512,4.45494,8.88453,3.09105,9.37507,4.71428,3.61400,1.52223,6.40707,8.35163,2.37873,8.90796,2.06136,3.09481,9.59161,4.71317,2.64745,10.80330,5.64251,3.15449,1.62147,2.92796,2.90343,4.84763,1.32432,0.54835,3.73135,3.32260,2.11295,9.98537,2.65172,2.26579,3.06455,2.59386,7.11726,4.39595,2.67094,7.29064,2.86032,1.53138,7.05401,4.06010,2.10543,5.33934,4.12933,7.17476,3.49580,2.33578,3.81910,2.75421,2.49965,2.74184,3.16850,2.14290,5.16588,9.03337,1.89630,1.48856,4.09851,10.20735,4.92316,3.55293,2.76557,8.53951,3.27223,2.43424,8.75164,3.20443,2.15380,2.14841,2.46732,2.97108,5.99226,2.28399,1.28573,2.85763,3.17346,5.53166,4.68499,3.05585,1.43131,2.17157,7.96950,2.52091,mouse DBS Plate1,Pass,,
F05:4-Day7,2.69558,2.92012,3.39015,2.11302,1.32994,1.76096,1.91260,3.36610,2.39591,4.67817,9.06677,2.40027,8.96999,4.01235,3.42035,1.37623,6.52827,7.57836,2.49419,8.27790,1.91893,2.98428,9.73003,5.10552,2.41403,10.66988,5.72220,2.98334,2.04662,3.07024,2.61699,4.84324,1.24805,0.51523,3.90690,3.22611,1.70685,7.45242,2.61646,2.33493,3.49131,2.37404,7.24913,4.05319,2.68312,7.22496,3.18148,1.14544,4.55113,4.34917,1.66411,5.12777,4.20393,7.23407,3.11262,2.06062,4.09129,2.58242,1.95221,2.69007,4.33380,2.10815,4.03750,9.17430,1.92439,0.90263,3.08034,10.28722,5.08428,3.40369,2.59874,8.69141,3.05728,2.13869,8.64216,3.29165,2.13803,1.94629,3.38036,1.96660,5.98903,2.39236,0.78171,2.76817,3.23107,4.10059,4.83145,3.47567,1.22409,2.04361,7.78700,2.09337,mouse DBS Plate1,Warning,,
F05:4-Day5_B,3.22221,4.47497,3.64783,2.07448,2.08129,2.26788,5.51715,2.82390,2.79703,4.77188,9.13263,4.17030,10.11703,5.95668,3.61170,1.85400,6.69383,8.94577,2.65152,9.63196,2.45333,3.28076,9.81326,5.22258,2.99781,11.15782,5.69705,2.90005,2.03722,3.23945,3.24820,5.06502,1.47135,1.61667,4.90001,3.32624,2.07863,9.51741,2.73606,2.72290,3.67374,3.27559,7.31921,5.00765,2.77360,7.55572,2.97686,2.07547,9.93970,4.32900,1.58772,6.56685,4.53280,8.96663,3.44020,2.41786,4.23653,2.78803,2.72271,2.90542,3.37457,2.75930,4.94719,9.13875,2.03884,1.45829,6.64650,10.36273,5.21733,3.89424,2.87731,10.05661,3.42946,2.11042,10.13816,3.95787,2.02797,2.00259,3.07477,3.21483,6.22180,2.75406,1.20790,2.78569,3.89261,5.17472,4.72899,2.86767,1.54901,2.23767,8.02524,3.19274,mouse DBS Plate1,Pass,,
F05:1-Day0,2.95474,3.15215,3.55817,2.01452,1.48275,1.79194,2.06247,3.67199,2.47478,4.63369,9.19950,2.52149,8.99800,3.81851,3.74074,1.39277,6.53786,7.46900,2.42306,8.22313,1.72306,3.14061,9.92070,4.86704,2.68790,10.18932,5.34488,2.81399,1.84579,2.90869,2.23833,4.82269,1.23626,0.45243,3.95829,3.26904,1.71382,7.58683,2.53072,2.17138,3.46674,2.29942,7.26235,4.13840,2.68050,6.98022,3.12390,1.96181,4.36247,4.51575,1.81888,5.49405,4.28673,7.53029,3.52667,1.94800,4.22613,2.24522,2.08189,2.55823,2.49474,2.06537,4.27440,9.12726,1.82297,1.38508,2.95617,10.17718,4.95733,3.61755,2.65120,8.79168,2.99741,2.05585,9.22873,3.14317,1.97778,2.28530,2.57504,1.96933,6.10070,2.02064,0.94829,2.68584,3.22930,5.41934,4.91233,2.64548,1.28731,1.89499,8.25479,2.02824,mouse DBS Plate1,Pass,,
F05:2-Day1,3.43583,3.86306,3.57620,2.07597,2.41372,2.29789,2.90006,3.34945,2.89747,4.39421,8.72329,3.66452,9.46049,4.78552,3.64850,1.75906,6.16105,8.00160,2.45897,8.88611,2.00309,3.06115,9.63333,4.73653,2.91463,11.13635,5.65425,2.97557,1.92249,2.84986,2.78764,4.72558,1.08975,0.00975,3.80713,3.33337,2.63565,9.41544,2.86159,2.26753,3.53180,2.69498,7.17076,4.57666,2.64326,7.35149,2.92972,1.09214,6.35629,4.21511,1.42850,5.27914,4.08937,7.19964,3.39708,2.14194,3.94686,2.67047,2.24352,2.75393,3.10757,2.21444,4.61748,8.99965,2.08663,1.50014,4.51413,10.17608,4.95897,3.72621,2.63327,8.25041,3.26385,2.51222,9.56223,3.37376,2.03986,2.29133,2.90905,2.86122,5.82532,2.21140,1.28376,2.79384,3.58339,6.37163,4.62999,2.72471,1.53625,2.10039,7.83194,2.33134,mouse DBS Plate1,Pass,,
F05:1-Day7,2.94700,3.59612,3.67744,2.03374,1.82740,1.66546,2.23197,3.37287,2.69640,4.66763,9.12527,2.89457,8.80508,4.08405,3.87759,1.74996,6.63627,7.46647,2.69166,8.35686,2.20134,3.17140,9.80685,5.26767,2.98029,10.84803,5.73807,3.12285,2.12433,3.16196,2.40037,5.08197,1.48857,0.57738,3.88566,3.45864,1.83187,7.68921,2.67676,2.28196,3.47641,2.61900,7.40741,3.97078,2.80934,7.35489,3.05982,1.90998,4.80368,4.58890,1.89406,5.25083,4.41644,7.25848,3.61459,2.39246,4.25065,2.58430,2.50250,2.92653,3.07154,2.23068,3.93945,9.15550,2.32518,1.52171,3.27640,10.32413,5.20617,3.80929,2.75745,8.76615,3.35172,2.53316,8.74506,3.76915,2.38777,2.29597,2.80426,2.81063,6.11585,2.50671,1.00887,2.99495,3.40190,5.57156,4.59143,2.70177,1.56070,2.24370,7.93478,2.43396,mouse DBS Plate1,Pass,,
F06:2-Day4,3.20733,4.12777,3.58666,2.07337,1.91344,2.35926,1.77535,2.78706,2.73250,4.46306,8.61566,2.64688,9.27333,4.95001,3.81387,1.36333,6.26476,8.36958,2.49037,9.05042,2.21897,2.79288,9.44839,4.53229,2.54994,10.99584,5.75447,3.00609,1.96602,2.88453,3.29404,4.68377,1.27981,0.36446,3.92854,3.12995,2.55479,11.02021,2.60532,1.88536,3.11740,2.97337,7.11636,3.94284,2.62077,7.18259,2.88745,1.84516,6.29569,4.00767,1.77005,5.09747,4.01199,6.82058,3.10014,2.22576,4.00255,2.61345,2.08284,2.55144,4.02163,2.13727,6.19077,8.96731,2.02346,1.12714,3.39860,10.18898,4.89525,3.44356,2.72648,8.21138,3.11106,2.42328,9.89382,3.41357,1.92946,2.03936,2.84214,2.96934,5.99180,2.23641,1.39940,2.85903,3.54049,5.02132,4.03045,2.47815,1.24861,2.03440,7.34737,2.46183,mouse DBS Plate1,Pass,,
F05:3-Day21.5,3.22725,4.09086,3.70266,2.21610,1.58483,2.00576,1.92610,3.09364,2.60885,4.18758,9.06281,2.69926,8.51011,4.27389,3.53850,1.24825,6.85577,7.19400,2.67035,8.26121,2.10466,3.33437,9.67208,5.32632,2.84121,10.68955,5.69228,3.00181,1.98589,3.38285,2.56390,4.82681,1.30358,0.30440,3.75340,3.26780,1.99469,7.87012,2.62161,2.04894,3.56076,2.72224,7.35552,3.91504,2.81284,6.91766,3.07771,2.07791,4.11501,4.18571,1.80205,4.70158,4.18592,6.98444,3.55072,2.23634,4.40369,2.70713,2.60813,2.70773,3.04370,2.23912,4.59259,9.25327,1.85189,1.46573,3.06086,10.38429,5.17898,3.50452,2.94684,8.44406,3.36976,2.34508,8.74357,3.59510,2.28150,2.40048,2.55402,2.84999,5.99530,2.58408,1.28588,2.87453,3.47428,4.96072,4.27788,2.74325,1.81369,2.25105,7.53015,2.18923,mouse DBS Plate1,Pass,,
F05:3-Day5,3.39067,4.70126,3.61650,2.05382,2.16295,2.32115,2.23234,3.27026,2.93675,4.39979,8.87337,3.07426,9.86046,4.60289,3.33747,1.36457,6.16682,9.20605,2.30274,9.77462,2.07745,2.87930,9.55092,4.76897,2.77860,11.07401,5.89706,3.00955,1.72516,2.83613,3.75347,4.92571,1.19532,0.95765,4.09677,3.41324,3.11104,9.98858,2.92892,2.35772,3.48155,2.91019,7.09100,4.30982,2.65428,7.45888,3.16252,2.20631,6.31081,4.31804,1.92527,5.31492,4.04053,7.53561,3.43396,2.38635,3.92501,2.45257,1.97733,2.63543,3.71337,2.09384,4.03018,9.03411,1.54155,1.27987,4.25110,10.18457,4.97054,3.82064,2.77293,8.47530,3.24845,2.29882,8.49830,3.43407,2.16442,1.97841,2.96917,3.21432,5.86888,2.31107,1.19396,2.70400,3.85785,4.78009,4.53907,2.73525,1.42803,2.01447,8.16725,2.34326,mouse DBS Plate1,Pass,,
F06:4-Day4,3.01734,3.73716,3.82376,1.97056,2.06428,1.93354,1.90072,2.33856,3.78127,4.39489,8.78387,3.96435,9.29341,5.18876,4.59535,1.27261,5.88173,8.55257,2.23408,8.80055,1.63094,2.75067,9.40675,4.32810,2.66910,10.68660,5.72155,2.98480,1.85291,2.94794,3.09291,4.63659,1.26222,0.74041,4.04921,3.20966,1.53336,14.27770,2.57248,2.37992,3.57533,3.26174,7.28172,4.11548,2.65943,6.37130,2.59798,2.01569,9.29130,3.93987,1.62645,5.29164,3.84391,7.06702,3.06812,2.49583,4.20061,2.73109,2.39752,2.65220,4.24491,2.37836,7.61322,8.99322,1.95103,1.32683,4.98479,10.25257,4.90062,3.54749,2.65225,9.35679,3.30648,2.29296,12.43068,2.76066,1.89934,1.98050,2.69209,2.81410,5.80274,1.96683,1.58012,2.77993,2.97648,5.24286,3.72285,3.47001,1.53010,2.18489,6.38262,2.65049,mouse DBS Plate1,Pass,,
F05:3-Day3_B,3.04032,4.40947,3.37741,1.74508,1.87271,2.18611,2.14536,3.19760,2.67349,4.59057,8.86503,2.77958,9.65420,4.91572,3.38765,1.49337,6.17251,8.60717,2.52630,9.22729,1.86526,2.96741,9.57967,4.63603,2.35378,11.12742,5.86757,2.96861,2.03387,2.78652,3.21741,4.82412,1.39230,1.28922,4.02547,3.18122,2.63135,9.66703,2.55829,2.23406,3.20425,2.67282,7.14800,4.48184,2.63252,7.44788,3.12721,2.15304,8.15684,4.05888,1.48201,5.39981,3.99138,7.69645,3.48102,1.85150,4.12250,2.59001,1.79631,2.72612,3.37849,2.32150,4.63578,8.99897,1.91350,1.03053,4.52249,10.17312,4.92726,3.63580,2.88961,8.76690,3.28525,2.22972,8.78034,3.40689,1.92111,1.87287,2.84482,3.15462,6.08362,2.02148,1.13028,2.52267,4.15946,5.00616,4.47202,2.81998,1.46495,1.88844,8.02139,2.45502,mouse DBS Plate1,Pass,,
F05:3-Day1,3.04090,3.13779,3.41242,2.17775,1.86557,1.97524,1.94961,3.30817,2.63409,4.47579,9.02566,2.75612,9.02791,4.38548,3.73179,1.26612,6.33679,7.49412,2.30615,8.03948,1.86329,3.09371,9.85966,4.85033,2.60030,10.42065,5.77195,2.85243,2.11251,2.84199,2.29513,4.84880,1.18689,0.28266,3.84911,3.22089,1.65203,8.68043,2.52141,2.29706,3.27592,2.35475,7.25799,3.95955,2.56870,7.32928,3.04501,2.10631,5.30926,4.02927,1.57138,5.03598,3.98286,7.22320,3.49687,1.93832,4.06098,2.33158,2.06151,2.48595,2.69823,2.24990,4.40523,9.04626,2.20740,1.13017,3.40321,10.18607,4.89681,3.35278,2.67959,8.90297,3.06078,2.23140,8.91199,2.88546,1.89640,1.81826,3.16696,2.29866,6.20192,2.55634,0.79168,2.71584,3.16002,4.72529,4.79666,2.78330,1.63934,2.04772,7.99451,2.30699,mouse DBS Plate1,Pass,,
F05:3-Day7,3.07461,2.85549,3.19669,1.76806,1.80523,1.59064,2.06329,3.36788,2.62028,4.56199,9.11225,2.78806,8.83835,4.05386,3.65876,1.66650,6.33929,7.44051,2.51518,8.16730,1.94588,3.03277,9.73205,4.93917,2.64527,10.64200,5.66300,2.97396,1.90732,3.10659,2.18548,4.87270,1.34843,0.46266,3.91095,3.35338,1.79287,7.62089,2.63436,2.29433,3.47729,2.45347,7.19677,3.81716,2.71690,7.49923,2.94125,2.33155,4.64368,4.53197,1.83012,5.17366,4.05954,7.25375,3.24700,2.10777,4.06941,2.78955,2.32889,2.65006,2.76883,2.55363,4.39809,9.10106,2.28666,1.39157,3.07764,10.24986,4.93156,3.51286,2.88858,9.05534,3.18411,2.35508,8.82485,3.39126,2.16719,2.15400,3.22123,2.25128,5.99279,2.34127,0.87681,2.73864,3.38751,4.32867,4.81849,2.93197,1.61752,1.89876,8.35505,2.33780,mouse DBS Plate1,Pass,,
F06:1-Day10,3.64736,3.03350,3.44770,2.35611,1.43754,2.56045,2.15131,3.34630,2.93059,4.56012,8.83788,3.31344,10.56454,5.18623,4.40383,1.21013,6.16507,8.12077,2.13836,9.65355,2.45606,3.26638,9.52255,4.58218,2.55452,11.11520,5.77466,2.71319,2.16609,2.85853,2.78742,4.83881,1.34388,0.28168,4.49226,3.38014,2.58300,9.64924,2.92984,1.71402,4.06981,2.44948,7.46628,4.81547,2.70265,7.76524,2.87549,1.93589,6.73071,4.23003,1.67629,6.14801,4.40738,6.86473,3.75209,2.72015,6.22803,2.72932,2.86290,2.92770,3.97905,2.27863,6.66214,8.92156,1.84152,1.45260,4.61374,10.19600,4.99732,3.45769,2.72892,8.83107,3.06969,2.42190,9.55181,2.83461,1.75870,3.10251,3.18501,2.28394,6.15363,2.30949,1.91477,2.65849,3.35014,6.32437,5.60577,2.92634,1.83851,2.07490,9.01424,2.15804,mouse DBS Plate1,Pass,,
F05:1-Day4,3.16343,4.12374,3.50373,2.24645,2.05313,2.24145,2.26182,3.21996,2.81758,4.17007,8.57186,2.58469,9.41193,4.91074,3.81138,1.53175,6.02259,8.56652,2.72090,9.19283,2.22133,3.03069,9.53938,4.81413,2.84979,10.98733,5.70360,2.94742,2.00960,2.86035,3.31258,4.61207,1.43558,0.82743,3.97284,3.32323,2.37096,9.55371,2.71669,2.28416,3.34793,2.83311,7.14164,4.12539,2.77341,7.50556,2.85242,1.48736,6.09170,3.84811,1.50063,5.13265,4.18494,7.20648,3.37668,2.12040,4.18803,2.67928,1.76067,2.85875,3.02568,2.50363,4.66764,9.01051,2.27705,1.36892,3.72079,10.27318,4.94540,3.57569,2.69126,8.21303,3.34804,2.30395,8.72241,2.79057,2.24248,1.89448,3.27236,2.62173,5.91392,2.32604,1.12530,2.71987,3.41819,5.50047,4.39608,2.80389,1.71005,2.07514,8.06345,2.51987,mouse DBS Plate1,Pass,,
F06:4-Day2,2.93883,3.15329,3.39370,1.62988,1.98067,1.67114,2.18081,3.09786,2.63499,4.49313,9.03619,3.79806,9.33636,4.66402,3.65641,1.19029,6.39112,8.22852,2.51344,8.70123,1.81860,2.85397,9.52516,4.66604,2.50120,9.95788,5.70373,3.19040,1.99390,2.98827,2.55425,4.84960,0.99392,0.72536,4.10621,3.29501,1.64471,9.74734,2.53646,2.43407,2.95329,2.39392,7.20239,3.96548,2.67587,7.34949,3.06254,1.14131,8.65112,4.31971,1.76106,5.44645,4.02728,7.56333,3.26119,2.02027,3.84027,2.59718,2.37346,2.49622,2.75836,2.35993,4.27632,9.08716,1.87655,1.05831,5.15762,10.18179,4.97452,3.46979,2.71000,9.37794,3.20911,2.18838,9.18321,2.93364,1.95060,2.07903,2.62627,2.45599,6.04935,2.16245,0.99494,2.79983,2.77848,5.81194,5.03674,3.02371,1.46958,2.05387,7.59925,2.45751,mouse DBS Plate1,Pass,,
F06:4-Day7,2.95428,2.58694,3.13354,2.07086,1.32703,1.67976,2.52876,3.15664,2.85431,4.76167,9.20384,2.75852,9.04775,3.97018,4.17879,1.29857,6.19468,7.54561,2.30993,9.06132,2.94852,2.80219,9.47282,4.05106,2.53253,10.30388,5.74358,2.79585,2.05152,2.85124,2.31636,4.71943,1.14787,0.63029,4.71071,3.13643,1.67636,10.19679,2.36549,1.86028,3.87720,2.28967,7.24891,4.38081,2.65881,7.53726,2.80960,1.43348,6.66816,4.84704,2.03391,6.14884,3.79658,7.18882,3.30893,2.32264,3.90973,2.62865,2.42214,2.55119,3.09172,2.41163,6.78289,9.00576,1.78466,1.42058,3.50377,10.20524,4.95909,3.53268,2.65354,9.07618,3.04040,2.17851,9.55187,3.24850,1.88286,2.84750,2.48048,2.39218,5.79725,2.22398,1.34470,2.86233,3.51170,5.47436,5.09271,2.70908,1.46528,1.98363,7.68192,2.02183,mouse DBS Plate1,Pass,,
F06:2-Day2,3.24010,3.82647,3.56087,1.89941,1.61153,2.44641,1.99351,3.05525,2.69629,4.60635,8.96431,2.63967,9.69239,4.83112,3.31956,1.41938,6.47730,7.97902,2.33129,8.89629,1.92175,2.98686,9.63760,4.74180,2.60159,11.13131,6.19895,3.20943,1.83762,2.86232,2.77967,4.93663,1.08494,0.26657,3.76670,3.15949,2.26040,9.79385,2.73407,1.88824,6.19925,2.45619,7.27460,4.03924,2.64100,6.98281,2.80493,1.83709,5.44563,3.96289,1.70423,4.93945,4.22777,7.40017,3.25215,2.10191,4.06446,2.66175,1.92804,2.70178,3.33863,2.19817,5.73906,9.09938,1.45961,1.32363,3.34446,10.26611,4.99243,3.71881,3.01699,8.59416,3.21231,2.52751,9.05242,3.49189,2.02663,2.08970,2.58993,3.08302,6.17004,2.31892,1.32221,2.77549,3.26655,4.36741,4.40677,3.21006,1.47136,1.93439,7.42866,2.07653,mouse DBS Plate1,Pass,,
F05:2-Day4_B,3.29991,4.96410,3.53914,1.78660,2.47493,2.70422,2.72939,3.15072,2.73356,3.86765,8.21705,2.81599,10.41015,5.28497,3.77593,1.40523,6.29309,8.89672,2.35790,9.51126,2.61206,3.11289,9.60774,4.71077,2.68666,11.24367,5.94468,2.86537,1.78240,2.87995,3.86758,4.72923,1.03056,0.77206,4.30230,3.20949,3.06803,10.57895,2.75195,2.55505,3.00941,3.37894,7.34399,4.36963,2.47593,7.76812,2.81297,1.95463,8.12669,3.86054,1.95230,5.31447,4.11705,7.35936,3.34769,2.06846,5.47085,2.81595,2.02491,2.87989,4.03922,2.37219,4.60943,8.90699,1.56027,1.32171,4.61368,10.27136,5.05950,3.57963,2.84595,8.19479,3.32236,2.39868,8.57353,3.08255,1.82382,1.90117,2.81098,2.90384,6.18595,2.34341,1.26273,2.78623,4.16259,5.06190,4.10384,2.80520,1.32061,1.99723,8.20441,2.51059,mouse DBS Plate1,Pass,,
F06:1-Day5,3.89984,4.94277,4.07688,1.73152,2.59603,2.58890,2.25870,2.58501,3.90729,4.36481,8.50121,3.19165,10.15708,5.21401,4.85900,1.35555,5.72879,10.02465,2.41747,10.08961,2.58267,3.21554,9.51734,4.30484,2.59596,11.14298,6.19387,2.96233,1.96910,2.54916,4.54149,4.77485,1.45258,1.21868,4.64194,3.39505,2.85933,13.60580,2.93745,2.66619,3.79582,3.48448,7.07226,4.75975,2.56309,7.10967,3.20202,1.58331,7.55223,3.81344,1.91844,5.24188,4.14838,7.34730,3.64821,2.44383,3.99377,2.67526,2.45842,2.89802,4.84350,2.33974,7.57798,8.81176,1.56204,1.22382,3.68273,10.13942,4.81780,3.96042,2.52394,8.28371,3.36996,2.61815,10.40159,3.02672,1.82460,2.03737,3.25394,3.84705,5.74657,1.78328,2.24289,2.49282,4.12631,5.77418,3.46313,3.26894,1.32455,2.10337,7.11627,2.64081,mouse DBS Plate1,Pass,,
F06:2-Day9,3.71618,3.39723,3.57189,2.06400,1.52450,2.61823,3.25088,3.57766,2.82854,4.60128,9.02369,2.69971,9.33316,4.79993,4.12022,1.26813,6.36745,7.74475,2.42652,9.21351,2.03750,3.07256,9.63334,4.51808,2.65177,11.21168,6.10630,3.02656,1.87387,3.17595,2.67095,4.79988,1.06933,0.53148,4.24283,3.41854,2.52884,9.59797,2.84353,2.49136,3.57429,2.78591,7.38915,4.45616,2.69559,7.83082,3.19297,2.32780,6.40820,4.52084,1.68520,5.53557,4.22952,6.77381,3.39230,2.44793,4.14337,2.84603,2.59877,2.78360,3.60351,2.67297,5.69892,9.04013,2.03229,1.35154,3.61088,10.23206,4.96379,3.60248,2.70975,8.92395,3.27133,2.43135,9.95432,3.40924,1.97215,2.40789,2.75258,2.76034,5.84603,2.09032,1.60261,2.89862,3.50996,6.31807,5.36013,2.77328,1.53204,1.91465,8.53279,2.46748,mouse DBS Plate1,Pass,,
F06:2-Day14,3.10222,3.18736,3.28752,1.92865,1.42089,1.87460,2.12964,2.99862,3.11710,4.15430,8.80714,2.57010,9.02234,4.00240,3.38496,1.69516,6.01303,7.51379,2.25176,9.17921,2.08991,3.14123,9.38980,4.58611,2.57130,10.75122,5.55872,2.97761,1.60718,3.15240,2.22843,4.66897,0.92414,0.59188,4.12329,3.28970,1.72053,8.87900,2.50443,2.20537,3.77398,2.22452,7.17121,4.24958,2.57553,6.83257,2.83479,2.02761,5.32826,4.12971,1.73833,5.26048,4.14141,6.38223,3.48706,2.23725,3.62652,2.53736,2.38503,2.81878,2.95287,2.22503,4.98473,8.88017,1.84445,1.28953,3.73400,10.23504,4.89526,3.48721,2.42831,8.08708,3.10116,2.23684,8.83741,2.54614,2.15094,2.22710,3.33073,2.24807,5.58066,2.54042,1.12932,2.62939,3.02301,7.62767,4.74353,3.12424,1.67266,2.03274,7.75193,2.13256,mouse DBS Plate1,Pass,,
F06:1-Day7,3.50403,3.45141,3.43897,2.03633,1.89748,1.97003,2.97820,3.59215,3.24479,4.99980,9.23084,2.98886,9.33773,4.54431,5.01220,1.27721,6.33089,8.05793,2.55100,9.38053,2.90059,3.49662,9.47703,4.58475,2.92196,10.43505,5.85464,3.28033,2.02647,3.35377,2.64861,4.76849,1.41832,0.46582,5.19734,3.55794,1.82628,10.20911,2.88821,2.60559,4.13878,2.55921,7.40910,4.74910,2.82349,8.24778,3.30906,2.10741,7.62271,5.11335,1.82016,6.48389,4.40272,7.50472,3.73729,2.73780,3.88808,2.72844,2.66396,2.97949,3.64730,2.43538,6.82075,9.06842,2.11174,1.47328,3.85397,10.29033,5.14165,3.66815,2.88054,9.36170,3.34453,2.47555,10.08364,3.63711,2.19620,2.90904,2.64365,2.50032,5.91516,2.51919,2.01700,2.98021,3.66017,6.82938,5.70129,3.20006,1.65717,2.30780,9.01352,2.67927,mouse DBS Plate1,Pass,,
F05:3-Day4,3.15342,4.54583,3.54679,2.24183,1.91955,2.42753,2.09286,3.32255,2.90120,4.52342,8.83607,2.76792,9.70439,5.51200,3.67771,1.21520,6.30457,8.77896,2.43165,9.42950,2.03845,2.93270,9.44781,4.77088,2.86039,11.05347,6.03545,3.03615,1.78606,3.03721,3.57264,4.98717,1.42482,0.69510,4.17250,3.34718,3.06211,10.26987,2.83668,2.40898,3.20903,3.38252,7.36514,4.55858,2.73254,7.89833,3.03561,2.29311,8.35150,4.26202,1.53189,5.66836,4.00883,7.68655,3.54208,2.11375,4.42170,2.67155,1.88127,2.69355,4.06447,2.19818,4.78061,9.08985,1.78765,1.42699,4.23541,10.21900,5.09889,3.75911,2.69657,8.67768,3.16653,2.43649,9.01179,3.39483,2.23130,2.10988,2.59872,2.93593,6.11930,2.48535,1.28461,2.86993,4.14192,5.02408,5.12354,2.95842,1.57129,2.08617,8.69638,2.63618,mouse DBS Plate1,Pass,,
F05:2-Day7,2.88710,2.60419,3.52053,2.08112,1.47245,2.16759,2.56826,3.80833,2.79951,4.59651,9.17198,2.80657,9.14771,3.97792,3.77903,1.45936,6.71353,7.85564,2.46678,8.79804,2.17503,3.37285,9.74474,4.97761,2.68335,11.09040,5.71329,3.23160,1.96436,3.30190,2.32582,4.91392,1.41813,0.25032,4.12671,3.42150,2.00921,8.06168,2.60267,2.27028,3.66635,2.40022,7.33155,4.23513,2.83039,7.73685,3.19641,1.93993,5.05931,4.68426,1.74146,5.47488,4.30078,7.41508,3.46199,1.99785,4.09715,2.43997,2.32023,2.81926,3.07877,2.18918,4.32403,9.22302,1.74449,1.25308,3.38978,10.29715,5.16740,3.85545,2.83882,8.84586,3.28375,2.43161,8.97542,3.65933,2.23730,2.12964,2.88315,2.27172,6.07252,2.15132,1.13954,2.72204,3.67720,4.77011,5.49492,2.79801,1.52961,2.20661,8.72089,2.37594,mouse DBS Plate1,Pass,,
F05:3-Day21,3.07871,4.29728,3.34110,1.81133,1.21548,1.98338,1.96711,2.83645,2.56785,3.59345,8.15426,2.50685,8.17352,4.22072,3.10486,1.22059,6.45323,7.21476,2.31975,7.89110,2.07005,3.10624,9.47627,5.53057,2.63684,10.94790,5.82270,2.82036,1.38275,2.90996,2.43840,4.79463,1.29883,0.44750,3.48757,3.06764,1.82655,7.88611,2.52372,2.27648,3.57548,2.50300,7.20744,3.39389,2.47029,6.68340,2.78558,1.38626,3.86515,3.15016,1.79097,3.61827,4.25584,6.12657,3.48276,1.84640,4.25068,2.65903,2.51578,2.59065,3.18962,2.22518,4.24600,8.91603,1.69378,1.12536,2.77020,10.23859,5.01413,3.47790,2.82611,6.84272,3.04722,2.30397,8.54648,3.12613,2.04750,2.09208,2.44510,3.02188,5.51840,2.06024,1.13194,2.67702,3.07113,5.06029,3.38999,2.60748,1.42325,2.14118,7.07118,1.78021,mouse DBS Plate1,Pass,,
F06:3-Day1_B,2.80050,3.06277,3.20972,1.89860,1.55319,1.72964,1.68405,3.13918,2.62694,4.42933,8.87442,2.76012,8.63043,4.15361,3.41224,1.73045,6.04965,7.53899,2.36682,7.75042,2.16263,2.96166,9.53016,4.80407,2.66716,9.79967,5.10061,2.97215,1.73458,2.86900,1.89012,4.61317,1.14943,0.25319,3.94472,3.18625,1.61268,7.92785,2.18283,2.19707,3.18931,2.29447,7.15088,3.82589,2.50969,7.24275,3.00624,1.96929,4.78051,4.03361,1.97899,4.92243,4.24710,7.15792,3.21128,2.05222,3.54931,2.23980,2.18458,2.75711,2.49566,2.21892,4.16938,8.92982,1.66406,1.06753,3.44281,10.12533,4.87063,3.54771,2.79877,8.73098,3.07288,2.23164,8.78189,2.98466,2.01734,1.79537,3.74762,2.42751,6.20177,2.20867,1.12403,2.74462,3.33368,4.39347,4.38912,2.82393,1.53123,2.13069,7.40277,2.47855,mouse DBS Plate1,Pass,,

LOD,2.51358,1.85530,2.78628,2.62866,2.16167,1.71231,2.20839,1.80023,2.47113,2.49894,2.91429,2.96554,2.42566,4.26477,2.60930,1.59860,2.92382,2.48087,2.53823,2.81154,2.39502,2.29572,2.69269,2.29017,3.17234,4.19245,2.17890,2.93987,2.11620,2.42698,2.57055,2.99695,1.50290,0.81735,2.77896,3.33491,1.65277,2.76617,2.61175,2.89703,1.87363,2.49057,2.29985,2.43726,2.88464,4.11848,3.27509,2.08607,2.24073,3.34861,2.14361,-0.14530,1.92750,2.56781,2.67635,2.08161,1.93678,2.83024,1.01855,2.98961,1.88380,2.62788,3.52300,3.15679,2.29255,1.69658,2.95190,3.58704,0.97854,1.76073,2.30558,2.23210,3.25134,2.52556,3.55579,2.77490,2.24631,2.35271,2.64907,0.56503,3.12426,3.86142,-0.06047,3.31252,1.81233,3.33940,2.77909,1.89955,1.79728,2.36669,4.56791,2.71342,
Missing Data freq.,0%,0%,0%,98%,88%,11%,59%,0%,6%,0%,0%,67%,0%,33%,0%,73%,0%,0%,78%,0%,79%,0%,0%,0%,98%,0%,0%,33%,92%,1%,43%,1%,97%,79%,0%,64%,13%,0%,40%,100%,0%,43%,0%,0%,97%,1%,96%,77%,0%,2%,96%,0%,0%,0%,0%,22%,0%,97%,0%,96%,0%,90%,0%,0%,94%,98%,4%,0%,0%,0%,0%,0%,64%,94%,0%,3%,93%,78%,33%,0%,0%,100%,0%,98%,0%,0%,2%,0%,94%,98%,0%,94%,
Normalization,IPC Normalized,IPC Normalized,IPC Normalized,IPC Normalized,IPC Normalized,IPC Normalized,IPC Normalized,IPC Normalized,IPC Normalized,IPC Normalized,IPC Normalized,IPC Normalized,IPC Normalized,IPC Normalized,IPC Normalized,IPC Normalized,IPC Normalized,IPC Normalized,IPC Normalized,IPC Normalized,IPC Normalized,IPC Normalized,IPC Normalized,IPC Normalized,IPC Normalized,IPC Normalized,IPC Normalized,IPC Normalized,IPC Normalized,IPC Normalized,IPC Normalized,IPC Normalized,IPC Normalized,IPC Normalized,IPC Normalized,IPC Normalized,IPC Normalized,IPC Normalized,IPC Normalized,IPC Normalized,IPC Normalized,IPC Normalized,IPC Normalized,IPC Normalized,IPC Normalized,IPC Normalized,IPC Normalized,IPC Normalized,IPC Normalized,IPC Normalized,IPC Normalized,IPC Normalized,IPC Normalized,IPC Normalized,IPC Normalized,IPC Normalized,IPC Normalized,IPC Normalized,IPC Normalized,IPC Normalized,IPC Normalized,IPC Normalized,IPC Normalized,IPC Normalized,IPC Normalized,IPC Normalized,IPC Normalized,IPC Normalized,IPC Normalized,IPC Normalized,IPC Normalized,IPC Normalized,IPC Normalized,IPC Normalized,IPC Normalized,IPC Normalized,IPC Normalized,IPC Normalized,IPC Normalized,IPC Normalized,IPC Normalized,IPC Normalized,IPC Normalized,IPC Normalized,IPC Normalized,IPC Normalized,IPC Normalized,IPC Normalized,IPC Normalized,IPC Normalized,IPC Normalized,IPC Normalized,