Mouse DBS Plate 2,Olink NPX Signature 1.9.0
NPX data
Panel,Olink Target 96 Mouse Exploratory(v.3802),Olink Target 96 Mouse Exploratory(v.3802),Olink Target 96 Mouse Exploratory(v.3802),Olink Target 96 Mouse Exploratory(v.3802),Olink Target 96 Mouse Exploratory(v.3802),Olink Target 96 Mouse Exploratory(v.3802),Olink Target 96 Mouse Exploratory(v.3802),Olink Target 96 Mouse Exploratory(v.3802),Olink Target 96 Mouse Exploratory(v.3802),Olink Target 96 Mouse Exploratory(v.3802),Olink Target 96 Mouse Exploratory(v.3802),Olink Target 96 Mouse Exploratory(v.3802),Olink Target 96 Mouse Exploratory(v.3802),Olink Target 96 Mouse Exploratory(v.3802),Olink Target 96 Mouse Exploratory(v.3802),Olink Target 96 Mouse Exploratory(v.3802),Olink Target 96 Mouse Exploratory(v.3802),Olink Target 96 Mouse Exploratory(v.3802),Olink Target 96 Mouse Exploratory(v.3802),Olink Target 96 Mouse Exploratory(v.3802),Olink Target 96 Mouse Exploratory(v.3802),Olink Target 96 Mouse Exploratory(v.3802),Olink Target 96 Mouse Exploratory(v.3802),Olink Target 96 Mouse Exploratory(v.3802),Olink Target 96 Mouse Exploratory(v.3802),Olink Target 96 Mouse Exploratory(v.3802),Olink Target 96 Mouse Exploratory(v.3802),Olink Target 96 Mouse Exploratory(v.3802),Olink Target 96 Mouse Exploratory(v.3802),Olink Target 96 Mouse Exploratory(v.3802),Olink Target 96 Mouse Exploratory(v.3802),Olink Target 96 Mouse Exploratory(v.3802),Olink Target 96 Mouse Exploratory(v.3802),Olink Target 96 Mouse Exploratory(v.3802),Olink Target 96 Mouse Exploratory(v.3802),Olink Target 96 Mouse Exploratory(v.3802),Olink Target 96 Mouse Exploratory(v.3802),Olink Target 96 Mouse Exploratory(v.3802),Olink Target 96 Mouse Exploratory(v.3802),Olink Target 96 Mouse Exploratory(v.3802),Olink Target 96 Mouse Exploratory(v.3802),Olink Target 96 Mouse Exploratory(v.3802),Olink Target 96 Mouse Exploratory(v.3802),Olink Target 96 Mouse Exploratory(v.3802),Olink Target 96 Mouse Exploratory(v.3802),Olink Target 96 Mouse Exploratory(v.3802),Olink Target 96 Mouse Exploratory(v.3802),Olink Target 96 Mouse Exploratory(v.3802),Olink Target 96 Mouse Exploratory(v.3802),Olink Target 96 Mouse Exploratory(v.3802),Olink Target 96 Mouse Exploratory(v.3802),Olink Target 96 Mouse Exploratory(v.3802),Olink Target 96 Mouse Exploratory(v.3802),Olink Target 96 Mouse Exploratory(v.3802),Olink Target 96 Mouse Exploratory(v.3802),Olink Target 96 Mouse Exploratory(v.3802),Olink Target 96 Mouse Exploratory(v.3802),Olink Target 96 Mouse Exploratory(v.3802),Olink Target 96 Mouse Exploratory(v.3802),Olink Target 96 Mouse Exploratory(v.3802),Olink Target 96 Mouse Exploratory(v.3802),Olink Target 96 Mouse Exploratory(v.3802),Olink Target 96 Mouse Exploratory(v.3802),Olink Target 96 Mouse Exploratory(v.3802),Olink Target 96 Mouse Exploratory(v.3802),Olink Target 96 Mouse Exploratory(v.3802),Olink Target 96 Mouse Exploratory(v.3802),Olink Target 96 Mouse Exploratory(v.3802),Olink Target 96 Mouse Exploratory(v.3802),Olink Target 96 Mouse Exploratory(v.3802),Olink Target 96 Mouse Exploratory(v.3802),Olink Target 96 Mouse Exploratory(v.3802),Olink Target 96 Mouse Exploratory(v.3802),Olink Target 96 Mouse Exploratory(v.3802),Olink Target 96 Mouse Exploratory(v.3802),Olink Target 96 Mouse Exploratory(v.3802),Olink Target 96 Mouse Exploratory(v.3802),Olink Target 96 Mouse Exploratory(v.3802),Olink Target 96 Mouse Exploratory(v.3802),Olink Target 96 Mouse Exploratory(v.3802),Olink Target 96 Mouse Exploratory(v.3802),Olink Target 96 Mouse Exploratory(v.3802),Olink Target 96 Mouse Exploratory(v.3802),Olink Target 96 Mouse Exploratory(v.3802),Olink Target 96 Mouse Exploratory(v.3802),Olink Target 96 Mouse Exploratory(v.3802),Olink Target 96 Mouse Exploratory(v.3802),Olink Target 96 Mouse Exploratory(v.3802),Olink Target 96 Mouse Exploratory(v.3802),Olink Target 96 Mouse Exploratory(v.3802),Olink Target 96 Mouse Exploratory(v.3802),Olink Target 96 Mouse Exploratory(v.3802),Olink Target 96 Mouse Exploratory(v.3802),Olink Target 96 Mouse Exploratory(v.3802),Olink Target 96 Mouse Exploratory(v.3802),Olink Target 96 Mouse Exploratory(v.3802),,
Assay,Clmp,Matn2,Cpe,Gcg,Gdnf,Yes1,Il17a,Foxo1,Tnfrsf11b,Tgfb1,Pla2g4a,Il6,Prdx5,Tgfa,Ccl5,Epo,Axin1,Fst,Rgma,Nadk,Tnni3,Notch3,Snap29,Cntn1,Clstn2,S100a4,Ca13,Mia,Cant1,Kitlg,Gfra1,Ppp1r2,Adam23,Itgb6,Cyr61,Dlk1,Ahr,Ccl2,Eno2,Plin1,Wfikkn2,Flrt2,Qdpr,Fas,Erbb4,Riox2,Plxna4,Epcam,Ccl3,Crim1,Vsig2,Hgf,Sez6l2,Il1a,Il23r,Dll1,Ddah1,Il10,Tnfrsf12a,Acvrl1,Lgmn,Csf2,Cxcl9,Map2k6,Itgb1bp2,Il17f,Il1b,Casp3,Apbb1ip,Wisp1,Cdh6,Pdgfb,Igsf3,Tgfbr3,Cxcl1,Pak4,Cntn4,Ghrl,Lpl,Fstl3,Dctn2,Il5,Eda2r,Ntf3,Tnfsf12,Ccl20,Fli1,Tpp1,Tnr,Vegfd,Parp1,Tnf,Plate ID,QC Warning,QC Deviation from median,QC Deviation from median,
Uniprot ID,Q8R373,O08746,Q00493,P55095,P48540,Q04736,Q62386,Q9R1E0,O08712,P04202,P47713,P08505,P99029,P48030,P30882,P07321,O35625,P47931,Q6PCX7,P58058,P48787,Q61982,Q9ERB0,P12960,Q9ER65,P07091,Q9D6N1,Q61865,Q8VCF1,P20826,P97785,Q9DCL8,Q9R1V7,Q9Z0T9,P18406,Q09163,P30561,P10148,P17183,Q8CGN5,Q7TQN3,Q8BLU0,Q8BVI4,P25446,Q61527,Q8CD15,Q80UG2,Q99JW5,P10855,Q9JLL0,Q9Z109,Q08048,Q4V9Z5,P01582,Q8K4B4,Q61483,Q9CWS0,P18893,Q9CR75,Q61288,O89017,P01587,P18340,P70236,Q9R000,Q7TNI7,P10749,P70677,Q8R5A3,O54775,P97326,P31240,Q6ZQA6,O88393,P12850,Q8BTW9,Q69Z26,Q9EQX0,P11152,Q9EQC7,Q99KJ8,P04401,Q8BX35,P20181,O54907,O89093,P26323,O89023,Q8BYI9,P97946,P11103,P06804,,,Inc Ctrl 2,Det Ctrl,
OlinkID,OID05027,OID05028,OID05029,OID05031,OID05032,OID05033,OID05034,OID05035,OID05036,OID05037,OID05038,OID05039,OID05040,OID05041,OID05042,OID05043,OID05044,OID05046,OID05047,OID05048,OID05049,OID05050,OID05051,OID05052,OID05053,OID05054,OID05055,OID05056,OID05057,OID05058,OID05059,OID05060,OID05061,OID05062,OID05063,OID05064,OID05065,OID05066,OID05067,OID05068,OID05069,OID05070,OID05071,OID05074,OID05075,OID05076,OID05077,OID05078,OID05079,OID05080,OID05081,OID05082,OID05083,OID05084,OID05085,OID05086,OID05087,OID05088,OID05089,OID05090,OID05091,OID05092,OID05093,OID05094,OID05095,OID05096,OID05097,OID05098,OID05099,OID05100,OID05101,OID05102,OID05103,OID05104,OID05105,OID05106,OID05107,OID05108,OID05109,OID05110,OID05111,OID05112,OID05113,OID05114,OID05115,OID05116,OID05117,OID05118,OID05119,OID05120,OID05121,OID05122,

Facility Ctrl,5.11444,5.53120,6.36736,3.36678,1.12968,0.99158,7.55418,0.97833,5.32954,4.00660,7.11278,1.42317,2.96434,6.29429,3.94313,2.76783,3.05577,9.71080,1.93008,5.59896,7.56974,5.85492,7.13014,7.68126,2.80170,10.55046,1.95382,5.81771,1.48590,-0.30944,3.25561,0.83222,2.38509,0.93305,5.83810,5.11512,1.05819,11.62451,3.03217,1.54291,5.28034,3.79228,1.97208,5.48500,2.09413,3.23166,2.60824,1.53554,3.33607,2.06035,4.37081,4.88978,5.41529,4.76414,8.04023,4.18844,0.34182,4.23221,5.83574,4.31397,5.99496,1.30825,8.89605,4.94393,-0.45347,0.59645,1.80394,6.36352,1.09943,5.13993,4.41437,9.75794,4.48858,3.86738,10.01605,0.40897,3.09190,5.76403,4.58641,5.88136,3.35679,1.02347,3.83750,3.33301,4.46675,10.38114,1.15190,7.16447,1.44755,3.31106,5.64872,2.49371,mouse_dbs_T96_plate 2,Pass,-0.14433,-0.05814,
Facility Ctrl,5.11780,5.64953,6.39622,3.73703,1.09779,0.93293,7.46476,0.63198,5.34542,3.92169,7.06536,1.16236,2.75843,6.17133,3.93427,2.84069,2.88259,9.71115,1.70409,5.56452,7.52800,5.88608,7.08584,7.63194,2.70087,10.53187,1.90759,5.81195,1.12718,-0.33863,3.02078,0.37421,2.34783,0.55535,5.81830,5.07822,0.68485,11.62807,2.96472,1.33239,5.30670,3.66410,1.74212,5.48470,2.23278,2.85895,2.44855,1.86998,3.43530,1.63778,4.26447,4.92294,5.44487,4.80753,8.04159,4.32981,0.27461,3.92004,5.94354,4.26682,6.04351,1.14210,8.97826,4.86386,-0.66885,0.69549,1.58136,6.31043,1.06772,5.18125,4.41071,9.71930,4.23351,3.90841,10.03691,0.78837,3.15876,5.73296,4.57953,5.85731,3.27218,1.01617,3.96609,3.08425,4.46476,10.36891,1.53902,7.16045,1.53808,3.28337,5.54428,2.31669,mouse_dbs_T96_plate 2,Pass,-0.13705,0.00174,
23MFT8:2-Day_3,1.78219,1.24550,2.27384,0.34285,0.56339,0.25402,0.89792,0.73776,1.63795,2.47165,6.48845,2.03522,8.50438,3.29768,3.14591,-0.11440,3.70549,6.23966,1.21054,5.94547,0.65031,0.87404,8.96225,2.62955,0.85371,9.56517,4.04594,1.67144,0.07721,0.78804,1.30448,3.31155,-0.13952,0.48142,1.62848,2.06521,0.55062,13.26172,1.59453,1.15610,2.19396,1.07604,5.52513,2.23835,0.94438,4.09154,0.51504,-0.31217,6.91518,1.85925,-0.24199,3.46032,1.98251,5.24095,1.35734,0.74295,3.00947,1.57622,1.01860,1.35708,2.32692,1.16154,4.83980,7.81845,-0.59722,0.19319,2.10120,9.08719,3.52318,2.15346,0.75604,4.52224,1.28916,0.37552,10.95569,1.08318,0.69437,0.88081,1.01254,2.25482,4.29368,1.00571,-0.06964,1.23251,1.15084,3.99394,1.72614,1.59943,0.06297,0.78782,4.22403,1.00352,mouse_dbs_T96_plate 2,Pass,-0.10819,-0.04602,
23MFT8:4-Day_7,1.50519,1.43705,1.95421,0.30589,0.95806,0.44759,0.97458,1.29779,0.93452,2.25315,5.87376,1.73727,9.17694,4.17393,2.44905,0.28448,3.97313,6.20629,0.99537,6.39310,0.31060,0.81611,8.78227,2.48790,0.92722,10.41384,4.50461,1.65950,-0.52242,0.55768,1.13418,3.30898,-0.43945,-0.24096,1.32620,1.94822,1.31314,7.42299,1.74056,1.19520,1.43504,2.38161,5.22235,2.41313,1.11980,5.17144,0.81137,0.85107,5.74636,1.75165,0.15390,3.88647,1.94115,6.07887,1.87423,0.89634,3.07988,0.74462,0.91910,1.60319,1.70329,1.07589,2.50896,7.81330,0.01716,0.24348,3.28574,8.97064,3.48790,2.24488,0.65064,3.99600,1.21434,0.31081,8.06364,1.50707,0.53926,0.64580,0.99062,1.91291,4.59662,1.19151,0.48883,1.17791,1.58073,4.10717,2.57975,1.27021,0.31416,0.22993,4.86546,1.29394,mouse_dbs_T96_plate 2,Pass,-0.08516,-0.03476,
23MFT8:2-Day_5,2.28206,1.05650,1.57136,0.34427,0.58732,0.20917,1.02708,1.12963,1.30997,2.88362,6.10954,2.47698,8.65458,3.47794,3.35042,0.32020,3.14661,5.98753,1.08769,5.76514,0.96095,1.04905,8.70519,1.94722,1.20124,9.73069,3.83743,1.65944,-0.54248,0.65931,1.61264,3.17340,-0.04581,-0.40685,1.49759,2.14797,0.55400,11.48468,1.43617,1.45419,2.63188,0.99308,5.14252,2.64326,1.01744,4.71329,0.40778,-0.23765,6.78987,1.33181,0.10772,3.19377,1.95764,5.25132,1.52796,0.92658,2.89205,1.33285,1.35373,1.53023,1.99731,1.13228,5.41461,7.34305,-0.00473,0.20703,3.00794,8.91788,3.26812,2.51969,0.61718,4.40732,1.01220,0.33987,8.96437,0.95992,0.52509,1.31198,0.72739,2.35588,3.89887,0.17614,0.79880,1.37862,0.64025,4.21170,2.57827,1.30462,0.28368,0.55082,4.31544,1.18295,mouse_dbs_T96_plate 2,Pass,-0.08989,-0.00184,
23MFT8:3-Day_1,2.45591,1.85368,1.82455,0.18247,0.77731,0.52343,0.73321,1.35984,1.15672,2.70790,7.03216,1.74437,9.07284,4.15057,2.68302,-0.09535,4.12870,6.50480,1.31824,6.57097,0.07699,1.14399,8.94824,2.74361,0.98828,10.37165,4.26927,1.77314,-0.14810,0.76446,1.30942,3.44606,-0.18402,0.00496,1.38403,2.16631,1.03674,8.12501,1.63309,1.22003,3.73042,1.28673,5.50623,2.51779,0.90995,5.44472,0.75998,0.14314,5.58357,1.15534,0.30215,3.73409,2.10789,5.82438,1.92816,0.86658,3.27324,1.59757,1.42104,1.80488,1.50271,0.84306,2.76201,8.06801,-0.00916,0.50796,3.42369,9.15057,3.62420,2.66184,0.79177,5.58304,1.25617,0.46498,7.90981,1.53677,0.79240,1.07311,0.51176,2.49209,4.63636,0.01987,0.27309,1.58529,1.80146,4.18570,2.61705,1.61389,0.79841,0.42933,4.67078,0.72166,mouse_dbs_T96_plate 2,Pass,-0.07187,0.09856,
23MFT7:2-Day_1,1.64579,-0.31647,2.10914,-0.42671,0.93936,0.16298,1.15596,1.37881,1.15840,2.87348,7.36946,1.29256,8.65177,3.47156,2.43425,-0.01052,4.38843,5.90164,1.37497,6.07594,1.02224,1.30052,9.06282,2.84090,1.39376,8.53471,4.10361,1.99503,0.00526,1.03730,1.23810,3.71023,-0.03564,0.88919,1.34202,2.11558,0.67552,7.83865,1.47370,1.48443,2.06897,0.94251,5.60556,2.35095,1.38046,5.82159,1.06123,-0.14037,5.56754,1.49304,0.71694,3.81244,2.51086,5.88901,1.77125,0.93351,2.94180,1.62639,1.39636,1.86414,1.19954,1.44643,2.87918,8.08082,0.39607,0.40782,3.60314,9.18477,3.71781,2.29386,0.82770,5.61806,1.70249,0.34690,8.15034,1.96473,0.84677,1.02592,0.95622,1.29089,4.95340,1.26125,-0.45244,1.73225,0.03103,4.00950,3.01621,2.07062,0.38428,0.99400,4.93801,1.42471,mouse_dbs_T96_plate 2,Pass,-0.07510,0.04450,
23MFT8:2-Day_7,2.72531,0.42966,1.60888,-0.34924,0.58170,0.12052,0.97697,1.43767,1.14721,3.44035,7.00134,1.36911,9.02123,3.45941,3.58440,-0.10542,3.94277,6.79359,0.97383,6.63187,0.82829,1.11551,8.79436,2.25393,1.25201,9.66437,4.40676,1.70507,-0.55432,0.79874,1.05188,3.19645,-0.28962,0.32450,1.85990,2.27351,0.31711,9.76029,1.97902,0.95202,2.28714,0.80372,5.28367,3.03405,1.00066,6.07917,0.71380,0.12662,7.46830,1.64346,-0.02919,4.25967,2.07306,5.55850,1.78998,1.18115,2.91961,1.27886,1.51678,1.72658,1.96084,0.94446,4.45709,7.58447,-0.04805,0.23516,3.27882,8.98599,3.48104,2.49612,0.47735,5.31345,1.26749,0.25798,8.44328,1.70130,0.57881,1.37071,0.73113,2.29065,4.22710,0.90275,0.55469,1.30012,2.00767,5.19943,3.54478,1.33945,0.23187,0.43285,5.42063,0.90561,mouse_dbs_T96_plate 2,Pass,-0.18141,-0.02563,
23MFT7:2-Day_14,1.55760,-0.31262,1.34815,0.65208,0.19787,0.38857,0.62758,1.17549,0.58897,1.86254,6.90690,0.90562,8.78195,3.31107,1.90536,-0.37495,3.91661,5.97707,1.03111,5.40165,0.54009,0.79079,8.87216,2.23639,0.78056,10.13580,4.75705,1.49335,-0.33695,0.67198,1.13487,3.60278,-0.71213,-0.20033,0.72279,1.60172,0.82713,7.04934,1.70619,0.63455,2.87623,1.07530,5.40411,1.86930,0.78907,4.69508,0.77718,-0.70488,4.08271,1.71303,-0.11690,2.97569,1.98118,6.22154,1.39379,0.52030,3.18140,1.22494,0.77442,1.56978,1.07404,0.88604,2.69569,7.94767,-0.43811,0.12563,2.23396,9.07240,3.61037,1.99836,0.62368,4.89980,1.18917,0.32224,7.66989,1.11644,0.57856,0.72726,0.78774,1.32794,4.42566,0.99677,-0.41122,1.29747,1.12454,3.50209,2.27252,1.49127,0.08288,0.40628,4.20911,0.67158,mouse_dbs_T96_plate 2,Pass,0.04469,-0.02093,
23MFT8:5-Day_7,2.28559,0.93958,1.48905,0.73254,0.33900,0.62667,0.82963,1.41743,1.02975,2.63584,7.06147,0.81644,8.54914,3.49505,2.81802,0.27905,3.61809,6.22925,1.27932,5.61994,0.49139,0.66756,8.97963,1.86103,0.90304,9.46519,4.29296,1.42975,-0.24077,0.54666,0.92402,3.29489,0.04531,0.40994,1.78431,2.06593,0.63266,9.06524,1.42826,0.89449,1.91841,0.73414,5.29104,2.47492,0.95711,5.52534,0.94023,0.31720,5.98872,1.84590,0.74847,4.17123,1.96079,5.45719,1.90585,0.77335,2.75740,1.49891,1.56049,1.59608,1.70850,1.02998,4.34004,7.68212,0.14926,0.35896,2.37532,8.98560,3.45409,2.49470,0.31674,4.89796,1.16462,0.21852,7.96784,1.38745,0.73220,1.48470,0.39954,1.92229,4.23014,0.78116,0.71134,1.44384,1.04517,4.56402,2.82900,1.24092,0.11334,0.74430,4.54191,1.22346,mouse_dbs_T96_plate 2,Pass,-0.06881,0.00001,
23MFT8:5-Day_4,1.73883,1.63993,2.16274,0.41990,0.42279,0.30251,0.47310,0.97312,2.09246,2.90054,7.57490,2.99916,8.47225,3.23695,3.75438,-0.22025,4.17810,6.43703,0.92818,6.59878,0.07006,0.73687,9.26937,2.59002,0.97360,8.71114,4.35375,1.45806,-0.14263,0.37232,1.46014,3.57576,-0.74311,-0.18308,1.93991,1.97446,0.56034,13.42073,1.47407,1.00638,2.34827,0.93743,5.49715,2.43567,0.94519,4.98535,0.60102,-0.14181,6.94681,1.54276,-0.93309,3.71793,2.23242,5.69855,1.08729,0.90412,3.08840,0.67596,1.12809,1.45053,2.88033,0.47620,5.13434,7.97500,-0.88570,-0.11321,1.98275,9.03964,3.73930,2.25102,0.46640,5.31788,1.32464,0.13681,11.88588,1.38221,0.45502,1.09603,0.81302,1.94513,4.65849,0.74184,0.26359,1.08989,1.00202,5.21160,2.46740,2.17277,0.28950,0.45036,4.04426,0.96461,mouse_dbs_T96_plate 2,Pass,-0.09564,-0.07029,
23MFT8:3_D14_4,1.13492,0.42744,1.24691,0.81986,0.09395,-0.47244,0.24137,0.23011,0.85472,3.02242,4.27724,0.52274,6.84338,2.99952,1.71739,0.70753,3.31147,5.08410,0.92260,3.22494,5.85463,0.86363,8.43601,3.04716,1.19846,5.20284,2.77205,1.23966,-0.73035,0.21331,0.72298,2.42447,-0.56175,-0.63759,1.05380,1.74353,-0.12512,6.55423,1.20703,0.89323,2.11362,0.78392,4.84831,1.29520,1.26812,1.89559,0.38759,0.10423,1.90495,1.43378,-0.48376,1.89677,2.52621,1.26074,1.67005,0.27327,2.40999,1.07534,1.23469,1.30205,0.64267,0.30400,2.29205,6.80396,-0.14867,-0.25776,1.27207,8.87910,3.02587,2.09923,0.15959,6.03206,1.35850,0.10226,7.38480,0.89143,0.77834,1.52483,-0.20876,0.96680,3.82082,0.04875,-0.14852,1.00448,0.67840,3.27575,1.12147,1.35456,0.33990,0.34719,2.82557,0.15156,mouse_dbs_T96_plate 2,Pass,-0.00524,-0.01391,
23MFT7:2-Day_4,1.44363,-0.48750,1.55975,0.11835,0.69531,-0.62836,1.01299,1.02209,0.97702,2.65479,7.31111,2.74567,8.70675,3.27055,2.62251,0.30721,4.39592,6.09983,1.04776,5.82749,-0.12542,0.56656,8.94928,2.68818,1.30217,8.04372,4.06632,1.32113,-0.65362,0.42475,1.08653,3.55030,-0.55832,-1.07445,1.27814,1.78035,0.29119,8.58135,1.17087,1.26135,3.99630,0.93558,5.54867,2.25872,1.14278,5.36466,-0.12757,-0.53837,6.61790,1.59937,0.35854,3.63548,2.51954,6.64726,0.95149,0.78708,2.83717,0.48524,1.31836,1.46050,1.00992,0.84317,2.20368,8.00975,-0.71291,0.12792,4.16454,9.00712,3.69538,2.16983,0.72849,5.56556,1.45160,0.26812,8.63325,1.86939,0.52997,0.61211,0.16520,1.30619,4.68292,0.54239,-0.34439,1.38924,1.45327,4.78119,2.63607,1.66835,0.18708,0.13695,4.30321,0.49137,mouse_dbs_T96_plate 2,Pass,-0.03350,-0.12711,
23MFT7:1-Day_2,1.57477,0.54723,1.84725,0.42682,0.46158,0.09858,-0.14412,1.49697,0.91287,2.53917,7.47618,1.37641,9.03597,3.90031,2.62004,0.01503,4.79153,6.32937,1.02705,6.15755,-0.22031,0.54061,9.14505,2.84142,1.10032,9.74191,4.48760,1.65159,-0.76942,0.56960,1.23552,3.77766,-0.33038,-0.36309,1.21632,1.85465,0.83290,8.46574,1.35113,0.96488,2.61484,0.97586,5.79699,2.28828,1.22147,5.84969,0.12938,0.62496,5.78849,0.89157,0.04375,3.65188,2.44262,6.14365,0.96112,0.22962,3.41160,0.79376,1.36003,1.65052,1.12757,0.34900,2.18719,8.21574,-0.68548,0.19207,3.17831,9.13967,4.00069,2.31742,0.71642,5.62780,1.36958,0.02884,7.99908,1.17294,0.55799,1.00220,0.40488,2.05732,4.80879,0.34974,-0.38682,1.09410,1.00710,3.79197,3.10946,1.61728,0.16295,0.05372,4.68438,0.42498,mouse_dbs_T96_plate 2,Pass,0.01609,-0.02850,
23MFT8:1-Day_7,1.84573,0.25640,1.58149,0.35005,0.04178,0.35945,0.26171,1.07200,1.27464,3.34130,7.09857,1.82788,8.86308,4.27451,2.54659,0.04892,3.85224,6.32669,0.87725,5.89332,0.38680,0.38372,8.79880,1.73101,0.93508,10.13058,4.81916,1.10395,-0.51506,0.38012,1.44001,3.27502,-1.70481,-0.38452,1.61084,1.60523,0.80947,10.63184,1.11954,0.69121,2.37871,1.10832,5.53225,2.61255,0.68772,5.69205,0.38145,0.26137,7.46256,1.60676,-0.10491,3.64819,1.94714,6.15488,1.04338,0.19255,2.79863,0.85106,0.86074,1.45917,1.87346,0.35634,5.97634,7.67948,-0.30492,-0.03239,3.55443,9.10718,3.69586,2.12249,0.56302,5.47789,1.19027,0.17011,8.58895,1.47398,0.53972,1.79361,0.19427,1.65693,4.32140,0.90583,0.53205,1.21080,0.33093,3.95402,2.60550,1.20874,0.33486,0.22993,4.59759,0.84492,mouse_dbs_T96_plate 2,Pass,-0.16047,-0.19912,
23MFT8:3-Day_3,1.75394,0.91140,1.61414,0.36207,0.63694,-0.30457,0.32268,1.22549,0.76079,2.36506,7.07289,1.90711,8.49428,3.65161,2.19679,-0.01512,4.11130,6.11383,1.03969,5.47733,-0.20809,0.29869,8.94392,2.58479,1.00638,8.64313,4.19457,1.38178,-0.37940,0.27164,1.10110,3.48196,-0.73838,-1.33307,0.93303,1.82517,0.25008,8.35824,1.32054,0.58438,1.69912,1.12740,5.52540,2.31550,1.43393,5.58827,0.41705,0.15500,6.27097,1.35134,-0.04224,3.56365,2.28221,5.86147,1.28768,0.10021,3.00850,0.71637,1.22995,1.34343,0.95071,0.43511,1.56174,8.11868,-1.38495,0.13124,3.64550,9.11012,3.72660,2.20410,0.53508,5.34479,1.13895,0.21802,7.85642,1.07870,0.69992,1.00610,0.29993,2.20101,4.51146,0.50853,0.09301,1.12582,0.85044,3.53925,2.82577,0.93453,-0.14871,0.52553,4.47854,0.51237,mouse_dbs_T96_plate 2,Pass,0.13163,0.00598,
23MFT7:2-Day_3,1.43060,-0.76778,1.25650,0.23488,0.15516,-0.06001,-0.22836,1.31151,0.91312,2.61982,7.28733,1.13653,8.35378,3.05464,2.38989,0.41873,4.43514,6.05070,0.81074,5.65998,-0.06358,0.30029,8.96583,2.77325,1.17082,8.20472,4.24199,1.33969,-0.65226,0.40376,0.76496,3.76316,-0.84431,-1.21678,1.32525,1.96719,0.54485,7.76133,1.29795,0.34344,4.15995,0.79695,5.69340,2.10610,1.01239,5.44114,0.14390,-0.70410,4.42366,1.15217,-0.32709,3.62959,2.60120,6.08987,1.13351,0.15165,3.01840,0.76074,1.21574,1.50082,1.09634,0.16227,2.32741,8.10856,-1.09950,0.14298,2.42052,9.09529,3.83612,2.27010,0.54406,5.11497,1.50573,-0.13398,7.76787,1.74909,0.62528,0.77527,0.70429,1.25433,4.58053,0.38482,-0.37022,0.99256,0.99414,3.05506,2.98597,1.82267,-0.12660,0.33591,4.69434,0.51675,mouse_dbs_T96_plate 2,Pass,0.05344,-0.13122,
23MFT7:5-Day_1,1.38143,0.02251,1.56419,0.20372,0.86429,-0.53255,-0.36137,1.24267,0.66071,2.35025,6.97408,2.13110,8.75024,3.55872,2.14770,-0.47139,4.21121,5.97991,0.88137,5.67782,-0.14809,0.30498,8.97213,2.30963,1.18593,8.75724,3.79469,1.25473,-0.36666,0.55014,0.43509,3.24075,-1.09755,-0.93116,1.27659,1.59560,0.44578,7.84864,1.33039,0.74823,1.45478,0.92232,5.68818,2.11872,1.17490,5.80240,0.84866,-1.26086,5.27203,1.23335,-0.96943,3.24463,2.25202,5.42766,1.06634,-0.08801,2.90342,0.74063,0.72455,1.07768,0.68947,0.11539,1.71191,7.94036,-0.67785,0.09824,3.38754,9.10435,3.73853,1.97151,0.54190,5.05357,1.07409,-0.16668,8.09679,1.43767,0.37336,0.67118,0.82528,1.30003,4.51294,1.17851,-0.79811,1.39388,0.73092,3.70576,3.05419,0.94195,0.29574,0.00127,4.78094,0.18056,mouse_dbs_T96_plate 2,Pass,-0.06905,-0.08824,
23MFT7:2-Day_2,1.33180,1.16071,2.28749,0.44290,0.25893,1.43907,-0.09436,1.54349,1.24928,2.75188,7.31925,1.01469,9.59307,4.19372,2.24242,0.28684,4.61165,6.75596,1.13978,6.87710,0.01987,0.16697,9.22977,2.44676,1.03924,10.49495,4.78515,1.43420,-0.33981,0.21576,2.05218,3.69182,-0.39460,0.14078,1.57062,2.00600,1.35119,7.97370,2.12942,0.48228,2.53401,2.80569,5.65307,2.97891,1.07678,5.89468,1.11944,-0.56985,4.89805,1.42606,-0.23517,4.58756,2.25112,6.73427,1.26616,0.56362,3.15818,1.07038,1.04574,1.70175,1.85263,0.35281,2.29837,8.09619,-0.26131,0.17843,3.28266,9.14787,3.84316,2.20629,0.61009,5.89078,1.34959,0.54964,8.30879,1.36632,0.71268,0.93227,1.00028,1.51230,4.87646,-0.37821,0.08262,1.48932,1.97288,3.09644,3.35968,1.57171,0.23587,0.14356,5.42935,0.67143,mouse_dbs_T96_plate 2,Pass,-0.10112,-0.02169,
23MFT8:4-Day_0,1.92766,1.12101,1.97915,0.62147,0.54968,0.68155,0.74532,2.14341,0.86342,2.91681,7.74276,0.68533,8.59771,3.59501,3.22882,-0.33454,4.73921,6.13230,1.26028,6.22751,0.33413,1.17951,9.24426,3.12140,1.18249,9.76282,4.67273,1.85877,-0.16668,0.84551,0.94197,3.91691,0.02655,-0.26868,1.63602,1.79380,0.60342,7.04883,1.46332,1.42406,1.75552,1.08559,5.75131,2.59458,1.20062,6.33295,0.86579,0.43757,4.30793,1.94563,0.97433,4.58854,2.36143,6.64153,1.69674,0.67449,3.61242,0.93204,1.52692,1.73283,1.44696,0.69228,3.02661,8.32365,0.18833,0.48584,2.47821,9.21793,4.00181,2.61841,0.24998,5.89027,1.53444,0.68303,8.13079,1.45184,0.88286,1.25967,0.51553,2.07533,4.90832,1.04408,0.26208,1.25796,1.67859,3.87102,4.21440,1.64579,0.46679,0.51774,5.65943,0.79413,mouse_dbs_T96_plate 2,Pass,0.00066,0.08248,
23MFT8:1-Day_5,1.60275,0.27693,2.00102,0.55017,0.36820,-0.25315,0.32420,0.94015,1.87850,3.04812,7.25010,2.76208,8.38030,3.30689,3.51345,-0.01778,4.04453,5.96131,0.96781,5.59336,0.30225,0.39492,9.06288,2.27196,0.91826,7.70346,4.48485,1.43266,-0.33519,0.76703,1.28702,3.63660,-0.28780,-0.04627,1.72922,1.73600,0.40052,13.49756,1.30172,1.64500,3.71214,0.91136,5.66305,2.34906,1.06761,4.98321,0.84029,0.56446,6.07721,1.27504,-0.55076,3.77588,2.17010,5.82235,1.27784,0.62550,2.96654,0.69502,1.12472,1.80375,2.81391,0.54917,5.85081,7.91770,-0.23375,0.21544,2.25402,9.10964,3.83299,2.04789,0.62430,5.48221,1.21989,0.34568,11.44536,1.01125,0.55056,1.33358,0.78909,1.40647,4.59581,0.31078,0.19840,1.16730,0.43328,3.87849,2.14866,2.18408,0.23885,0.42047,4.56683,0.60040,mouse_dbs_T96_plate 2,Pass,0.13260,0.02368,
23MFT7:4-Day_7,1.50291,-0.24401,1.44398,0.62339,0.46894,0.06117,0.56526,1.44221,1.10940,3.59813,7.73517,1.00959,8.61123,3.24082,2.88291,-0.29131,4.16118,6.43391,0.86403,6.03655,0.25108,0.46580,8.90716,2.12462,0.73491,8.46535,4.59640,1.23628,-0.44396,0.66213,1.08458,3.51948,-0.72503,-0.73290,1.70650,1.70739,0.54703,9.25195,1.14732,0.05336,2.50328,0.73339,5.69278,2.68701,0.73860,5.98057,0.72175,0.08824,5.57593,1.65326,-0.44371,4.06543,2.06856,5.98553,1.30049,0.36709,3.16779,0.66671,0.74011,1.33327,1.45974,0.68070,4.10485,7.94291,-0.36677,0.26654,2.45766,9.18790,3.83801,2.02639,0.73414,5.70591,1.57828,0.01820,8.47031,1.26410,0.74168,0.82893,0.71109,0.96799,4.31260,0.28999,-0.03623,1.29975,1.17527,4.66518,3.09121,1.57011,-0.05463,-0.03508,4.88861,0.23319,mouse_dbs_T96_plate 2,Pass,-0.03681,-0.06344,
23MFT8:1-Day_14,2.58426,0.52655,1.83930,0.53282,0.87406,0.85430,0.61245,1.78451,1.04705,3.06674,6.50333,0.84795,9.44105,4.31307,2.78057,-0.30570,3.74008,6.80475,1.16802,6.52272,-0.35711,0.30536,8.58973,2.24373,1.36321,10.39937,4.73055,1.30407,-0.38500,0.65030,1.51494,3.33417,-0.85123,-0.61594,1.31799,2.12786,1.34607,8.13593,1.99064,0.56998,2.35323,1.38742,5.40864,2.78797,0.82873,5.38990,0.85984,-0.17407,4.65852,1.51450,0.51591,3.61901,2.26682,5.48650,1.69938,0.10367,2.94709,1.14791,1.39731,1.67005,1.84696,0.26852,2.31626,7.69040,-0.67624,0.20196,2.94757,8.94640,3.64467,2.62757,0.33238,5.03138,1.45453,0.62292,8.15755,1.02794,0.75629,2.44258,0.32802,2.12637,4.09996,1.03185,0.87964,1.39263,1.14077,4.78368,3.72583,1.28840,0.45920,0.49773,5.24777,0.90544,mouse_dbs_T96_plate 2,Pass,0.01077,-0.09356,
23MFT8:3-Day_7,2.34699,1.10421,1.57383,0.39744,0.69288,-0.09076,0.19638,1.34024,1.09667,2.77389,6.93747,1.89845,8.72474,3.64295,2.69168,0.26496,3.94803,6.26586,0.39098,5.97528,-0.49274,1.01831,8.81719,2.83730,1.30258,10.29646,4.03832,1.33319,-0.85436,0.23918,1.14662,3.31463,-0.75551,-0.74687,1.14941,1.72977,0.94255,7.48331,1.56625,0.27065,1.88415,0.99975,5.43400,2.46935,0.83789,5.75012,-0.32002,0.83018,5.33109,1.31114,-0.38444,3.95306,2.41858,5.78490,1.49523,-0.52965,3.28115,0.48962,1.31331,1.32084,1.29370,0.37265,2.33227,8.04613,-0.44959,-0.01323,3.12850,9.06796,3.68483,2.88378,0.37923,5.49652,1.11085,0.28346,8.42356,1.53735,0.38557,1.08782,0.52791,2.53648,4.31513,-0.23585,0.70782,1.22099,1.36147,4.05488,3.04333,1.38352,0.11106,0.41351,4.67071,0.00138,mouse_dbs_T96_plate 2,Pass,0.07366,-0.03216,
23MFT7:5-Day_4,0.86108,-1.34162,1.16858,0.00848,0.23374,-0.26605,0.43206,0.83283,0.91284,3.14298,7.33577,1.09244,8.29137,2.87197,2.75908,-0.22614,3.99657,5.75969,0.71256,5.62909,0.10463,0.83261,8.89165,2.32431,0.66157,7.44146,3.91175,1.22284,-0.48745,0.58754,0.70442,3.38721,-0.89344,-0.66726,1.47885,1.63248,0.24421,9.97171,1.34824,1.27390,1.83597,0.83125,5.71507,2.10986,0.99449,4.79101,0.51786,0.56341,5.01224,1.15313,-0.46643,3.52553,1.99870,5.73306,0.91543,0.20950,2.93332,0.79265,0.76962,1.23614,1.29207,0.48121,4.21405,7.94216,-1.04707,0.05891,2.31553,9.16106,3.76126,1.91494,0.38101,5.28924,0.89130,0.38934,8.74929,0.57756,0.28126,0.73072,0.46832,0.52614,4.43537,0.36982,-0.84806,1.09201,1.24444,2.88703,2.27562,1.70970,0.21531,0.39441,4.09258,0.66533,mouse_dbs_T96_plate 2,Pass,0.05762,-0.03617,
23MFT8:3-Day_5,2.41309,1.76989,1.75809,-0.32176,0.72209,-0.14055,0.83019,1.46291,1.10848,3.85997,7.30944,1.38649,8.55791,3.65003,2.65341,-0.32679,4.09154,6.51505,1.13561,5.73831,0.17939,1.30371,9.01964,3.10646,1.27940,9.99013,3.96919,1.66015,0.00032,0.62114,1.52411,3.59312,-0.31586,-0.39978,1.50809,2.12497,0.56145,8.31066,1.40233,0.44471,2.11960,1.21375,5.35904,2.49301,1.03689,5.39289,0.90135,-0.21869,4.96670,1.64918,-0.26967,3.48468,2.22761,6.02120,1.71608,0.60592,3.21342,0.92109,1.39346,1.30559,1.43334,0.95306,2.75844,8.03771,0.14232,0.24199,2.47837,9.11511,3.56989,2.77306,1.01280,5.79159,1.68048,0.25461,7.92359,1.50042,0.75855,1.17880,0.87472,2.79223,4.56131,0.68357,0.79954,1.30284,1.40230,3.78827,2.92085,1.43687,0.15244,0.16170,4.94580,0.63301,mouse_dbs_T96_plate 2,Pass,-0.13340,0.03181,
23MFT8:1-Day_0,1.83237,1.03954,1.89047,-0.51641,0.26901,0.38670,0.53644,1.69387,0.99174,3.37955,7.60716,1.01994,8.38148,3.65089,2.77896,0.15082,4.12802,6.28920,0.97272,5.49351,0.04716,0.69674,9.25926,2.93840,0.94282,9.87342,4.15497,1.32025,-0.59115,0.64183,1.29920,3.78193,-1.04482,-1.30078,1.69422,1.65906,0.60844,6.74822,1.22421,1.08991,1.86192,0.73047,5.71442,2.42132,0.99051,5.96204,0.45420,0.39685,3.96929,1.52372,-0.42603,3.88502,2.15299,6.32577,1.24762,0.20989,3.09290,1.13731,1.03875,1.75619,0.97434,0.40709,2.17961,8.25657,-0.24772,0.12392,1.69878,9.17141,3.90187,2.67433,0.76867,5.58659,1.36922,0.31847,7.59567,1.15255,0.60719,0.97211,1.17820,2.16914,4.60523,0.72488,0.12752,1.18748,1.24341,3.39465,3.61260,1.50767,0.05746,0.66233,5.05026,0.61046,mouse_dbs_T96_plate 2,Pass,-0.01415,0.03291,
23MFT8:2-Day_0,1.67923,0.19501,1.90046,0.21024,0.07258,0.20882,0.81373,1.63470,0.98956,2.40667,7.19349,1.04432,8.23156,3.54655,2.55992,0.18809,4.24504,6.13485,0.97270,4.99802,0.27673,1.02200,9.03022,2.70257,1.10753,9.11598,4.22243,1.61413,-0.62373,0.51108,0.99866,3.71841,-0.28112,-0.05909,1.23890,1.79874,0.60129,6.91968,1.54687,0.80723,1.77121,0.93060,5.69130,2.10861,1.00618,5.57279,0.85928,-0.17460,3.76665,1.65833,-0.35407,3.34126,2.30088,5.85379,1.63571,0.63039,3.09440,1.24621,0.98195,1.58613,1.05420,0.74702,2.76480,8.14774,0.27676,0.20443,1.79102,9.04581,3.87594,2.62776,0.61307,5.07106,1.41439,0.27456,7.58817,1.35394,0.65445,0.72126,0.74842,1.70814,4.63065,0.27019,-0.57552,1.42344,0.84996,3.20681,3.35174,1.21282,0.19467,0.37256,4.80308,0.25697,mouse_dbs_T96_plate 2,Pass,-0.03052,0.07857,
23MFT8:3-Day_0,2.08489,1.11591,1.89270,0.31554,0.75328,0.40244,0.32650,1.78012,0.97808,2.75143,7.60413,0.96204,8.38828,3.65428,2.66775,0.27164,4.41956,6.09751,1.09988,5.72437,-0.06543,0.36519,9.09090,2.87757,1.12673,9.88997,4.12162,1.61005,-0.37107,0.59878,1.02737,3.74593,-0.48483,-0.84139,1.30396,1.96128,0.87499,6.98550,1.46004,1.42910,3.99140,0.99301,5.76660,2.29907,1.22809,5.83426,0.94575,-0.37064,4.40200,1.52034,-0.83368,3.98286,2.56927,6.19160,1.60668,0.18491,3.13131,1.02067,1.25043,1.25678,1.20899,0.32980,1.93916,8.21836,-1.18625,0.12541,2.23485,9.19910,3.85596,2.81587,0.89871,5.51003,1.36239,0.44687,8.09289,1.63646,0.68203,1.02302,1.05188,2.06080,4.79108,0.39167,0.13668,1.36948,1.37852,3.68899,3.41669,1.50865,0.30709,0.37962,4.76546,0.52053,mouse_dbs_T96_plate 2,Pass,0.14139,-0.00016,
23MFT7:5-Day_9,1.13603,0.19557,1.55150,0.06779,-0.03824,-0.30422,0.02216,1.21359,0.80452,2.22587,7.17649,0.90708,8.19137,2.89880,2.30287,-0.00132,3.96899,5.95369,1.07178,5.49272,-0.10589,0.28850,8.77363,1.96190,1.09219,9.12028,4.21370,1.21523,-0.61195,0.62270,1.04228,3.32704,-0.49005,-0.24217,1.39778,1.81108,0.72662,8.44388,1.24149,0.93292,1.83750,0.89287,5.33345,2.03581,1.06022,5.41943,0.78834,0.60393,4.55088,1.74091,-0.24497,3.43804,2.08818,5.70115,0.94906,-0.19606,2.66049,0.67801,0.50162,1.20065,1.12230,0.47044,3.11992,7.64343,-0.78860,0.09885,2.14576,8.95174,3.68380,1.93914,0.45531,5.05116,1.32212,0.14662,7.74555,1.41644,0.53298,0.82219,0.77145,1.00885,4.26982,1.29936,-0.83272,1.15342,0.30834,3.03594,2.85812,1.12360,0.28174,0.15044,4.23375,0.35772,mouse_dbs_T96_plate 2,Pass,-0.07104,-0.05152,
23MFT7:2-Day_9,1.77239,0.34970,1.84759,0.87013,0.85372,0.59162,1.29713,2.07780,1.09431,2.46746,7.25187,1.16390,8.55774,3.86317,2.79969,0.09672,4.67008,6.01251,1.31700,5.76921,0.72646,1.48301,8.96980,3.21975,1.34491,9.67812,4.70096,2.01169,0.40369,1.41756,1.48546,3.90767,0.27090,0.65241,1.76094,2.26618,1.25352,7.24918,1.65797,0.85283,1.93848,1.15449,5.58445,2.19304,1.34294,5.98493,1.45064,0.29682,4.34935,2.28145,-0.07369,3.33966,2.40422,6.00428,2.02902,1.25321,3.48803,1.43602,1.44108,1.83081,1.48667,1.48776,3.25235,8.18671,0.48525,0.58734,2.43204,9.15430,3.95090,2.27558,1.20728,5.25674,1.77763,0.29925,8.24050,1.85161,0.89399,0.96489,0.90896,1.45689,4.71221,0.51739,-0.10413,1.70097,1.60316,4.47301,3.29162,1.94872,0.47133,0.89004,5.05915,1.30897,mouse_dbs_T96_plate 2,Pass,-0.06025,0.15807,
23MFT8:5-Day_3,2.43661,1.77933,2.29376,-0.10200,0.23128,0.75384,0.29413,1.31689,1.57607,2.93461,7.32741,1.86873,9.12590,4.22698,3.36709,-0.00097,4.46822,7.32897,0.95668,7.33958,-0.10595,0.69430,8.92397,2.90228,1.08482,10.29087,4.40004,1.29577,-0.25255,0.47095,1.99235,3.70398,-0.58603,-0.31159,1.83718,1.75771,1.21655,12.44123,1.79170,0.86227,1.71571,1.28612,5.63936,2.61512,0.82297,5.26805,0.53912,-0.03517,6.42021,1.91312,0.13108,4.19456,2.33890,6.54606,1.12030,0.24117,3.37384,1.04318,1.29492,1.93809,2.52195,0.19620,5.60606,8.05540,-0.79282,-0.09131,2.47038,9.09053,3.84114,2.79428,0.64454,5.68958,1.37023,0.35570,10.66313,1.76833,0.47620,0.73940,0.62071,2.85463,4.60298,0.18342,0.71521,1.16043,0.67655,4.10170,2.43019,1.61688,0.20240,0.03848,4.44487,0.27840,mouse_dbs_T96_plate 2,Pass,0.06293,-0.07491,
23MFT7:5-Day_2,1.27337,0.39019,1.85480,0.50942,0.46580,-0.22037,0.63703,1.55641,0.73969,3.11232,7.28930,0.85457,8.45956,3.15088,2.51057,-0.07238,4.14550,5.90570,1.08812,5.28208,0.75975,0.97036,8.83391,2.70415,0.98438,8.39714,3.82229,1.69636,0.01691,0.53276,1.06745,3.70417,-0.29673,0.06903,1.62773,2.26902,0.59028,8.85759,1.31297,0.99372,1.86655,0.86051,5.60214,2.26525,1.12866,5.76394,0.82682,0.76856,4.52977,1.95260,0.30465,3.45454,2.34276,5.87147,1.84808,0.72668,3.09846,1.22942,1.05409,1.55740,1.11644,1.00514,3.06708,8.03718,0.39614,0.16268,2.06479,9.03591,3.76752,1.99334,0.59962,5.70994,1.35032,0.08833,7.78349,0.63829,0.51313,0.86076,0.87456,1.39588,4.59292,0.90796,-0.53312,1.22983,1.15590,3.29604,3.33517,1.67111,0.47071,0.48658,4.88676,1.11230,mouse_dbs_T96_plate 2,Pass,-0.03768,0.07517,
23MFT8:5-Day_1,1.59618,1.00974,1.70066,0.45512,0.66821,0.04529,1.21988,1.78978,0.95266,2.98430,7.45138,1.35123,8.57981,3.44249,2.83666,0.32301,4.45104,6.03737,1.25135,5.71592,1.11893,1.29931,9.11782,2.91848,1.35491,7.78283,4.01851,2.00143,0.26013,0.96505,1.10323,3.67681,-0.11102,0.58886,1.63289,2.00641,0.36463,7.51273,1.32754,1.25040,2.02014,0.86999,5.59927,2.45567,1.24033,5.98902,1.07504,0.32898,4.56658,1.63446,0.62371,3.81362,2.52316,5.86140,1.92739,1.34245,3.25220,1.36961,1.49532,1.56885,1.48764,1.60775,3.26792,8.12440,0.64314,0.21218,3.08735,9.10360,3.79318,2.63668,0.93235,5.63145,1.61634,0.66568,7.52172,1.75077,0.90930,0.91961,1.08855,1.97566,4.86390,1.23597,0.27662,1.37523,1.90453,3.53157,3.11571,1.66262,0.21752,0.76031,5.06282,1.36161,mouse_dbs_T96_plate 2,Pass,-0.15261,0.13654,
23MFT8:1-Day_3,1.80514,1.33160,2.23882,0.38854,0.66261,-0.10165,1.13181,1.26919,1.29092,3.15282,7.56129,1.73083,8.42024,3.57526,2.96251,0.29865,4.66394,6.43572,1.01718,5.72657,0.82726,1.50383,9.19315,3.11615,1.28142,8.77525,4.40200,1.88620,0.32813,0.78165,1.07597,3.95125,-0.16133,0.04348,1.80297,2.02530,0.59193,10.25303,1.72376,1.28993,2.16245,1.02898,5.81899,2.32608,1.06995,5.36068,0.91190,-0.40888,4.93460,1.86639,0.56513,3.84718,2.37788,6.11595,2.20760,1.41838,3.26553,1.85460,1.04768,1.76905,1.90168,1.15000,4.92823,8.21283,0.06203,0.31432,2.25113,9.24795,3.97144,2.36800,1.03876,6.03951,1.85791,0.35471,8.94534,1.65763,0.83629,1.26728,0.83844,1.92310,4.91667,1.11389,0.14574,1.50749,1.50268,3.21139,2.31709,1.90238,0.31335,0.52362,4.56741,1.45600,mouse_dbs_T96_plate 2,Pass,-0.13119,0.13565,
23MFT7:1-Day_9,1.39877,0.35831,1.57275,0.22295,0.48760,0.04774,0.37368,1.37062,0.92948,2.81494,7.00231,1.71130,8.58175,3.31230,2.50373,0.01752,4.33208,6.19492,0.89978,5.30563,0.52082,0.76754,9.06135,2.78714,1.01974,8.99178,3.99938,1.62477,-0.24412,0.51338,1.02738,3.61844,-0.21338,0.24851,1.59556,1.91557,0.69550,6.98828,1.33254,0.74041,1.91430,0.89791,5.65911,2.31635,1.20387,5.37893,0.76499,-0.89099,5.43399,1.31935,0.23529,3.72605,2.29898,5.93302,1.55608,0.74064,3.17385,0.70076,0.89555,1.67947,1.03200,1.15565,2.48783,8.05235,-0.16658,0.25197,2.91642,9.06622,3.74524,2.08751,0.78304,5.86761,1.33712,-0.01977,8.37287,1.03858,0.73260,1.07838,0.82061,0.81052,4.73159,0.83260,-0.41137,1.50051,1.83075,3.44742,2.49228,1.48066,0.44064,0.54572,4.48776,0.74508,mouse_dbs_T96_plate 2,Pass,-0.07550,0.04870,
23MFT8:3-Day_2,1.92205,1.48670,2.46497,0.58395,0.93349,0.92855,0.86121,1.42416,1.25498,3.35194,7.13321,0.90332,9.45770,4.38579,2.66109,-0.28366,4.24230,7.00091,1.14044,6.80684,0.37645,0.94005,9.10708,2.89229,1.47004,10.49369,4.47112,1.75144,-0.01965,0.48574,1.95194,3.66202,-0.57187,-0.27963,1.60261,2.05398,1.12475,8.10298,1.94160,1.08645,3.40377,2.88868,5.32783,2.95812,1.23060,5.56903,1.07299,-0.37568,4.76947,1.54172,0.28298,4.27133,2.44321,5.87787,1.57975,0.83822,3.06403,1.39206,1.62466,1.76927,1.86314,0.61361,3.10007,7.95572,0.32169,0.29541,2.93067,9.11612,3.63209,2.57063,0.55779,5.51580,1.52661,0.44786,7.89601,1.63612,0.42480,1.26681,0.58957,2.24130,4.61464,0.34223,0.61505,1.81180,1.67965,4.10782,3.28033,1.24605,0.59554,0.53980,5.41489,1.17925,mouse_dbs_T96_plate 2,Pass,-0.02345,-0.02590,
23MFT8:2-Day_4,2.40596,1.37330,2.20093,0.06889,0.90759,0.24247,0.62985,1.20619,2.19625,2.97093,7.10570,2.69523,8.43827,3.16384,3.79405,0.68373,4.25731,6.67643,1.02950,6.60140,0.39006,0.67546,9.10985,2.80547,1.12904,8.62100,4.44759,1.71754,0.01475,0.80530,1.58684,3.43985,-0.05350,-0.51246,1.64734,2.24138,0.89609,12.92006,1.62920,1.42902,3.37661,0.99716,5.76260,2.95473,1.14845,5.32544,1.01341,0.13934,7.76820,1.97000,0.36650,3.76717,2.60425,5.45064,1.69263,0.89717,3.23369,0.91984,1.73705,1.80291,2.70317,0.93715,5.68988,7.99792,-0.26507,0.15436,2.63628,9.30586,3.85825,2.50129,0.76005,4.83915,1.76059,0.27195,10.93961,1.24374,0.71195,1.36749,1.42419,2.51349,4.60108,0.90776,0.84261,1.43292,1.57396,4.45214,3.18653,1.80252,0.21634,0.70974,4.45607,1.01496,mouse_dbs_T96_plate 2,Pass,0.13580,-0.00740,
23MFT7:2-Day_5,1.48379,0.32341,1.88194,1.18823,0.79199,0.44949,1.70460,1.78130,1.15592,3.29726,7.64217,2.63365,8.99417,3.64021,2.81515,0.56108,4.90596,6.30084,1.63241,6.23383,0.90410,1.16678,9.27200,2.65012,1.33304,8.79380,4.46982,1.91564,-0.06100,1.13938,0.89175,4.10092,0.18639,-0.13114,1.49927,2.36619,0.99062,8.04044,1.49699,1.51242,4.04471,1.24947,5.67165,2.48525,1.12210,5.91951,1.06004,0.38682,6.27684,1.97455,0.96365,3.95721,2.75124,7.14027,1.08779,0.93308,3.17269,1.69142,1.57365,1.78702,1.47136,1.58232,3.72936,8.20288,-0.13955,0.34386,4.12588,9.10190,3.91868,2.40881,1.06620,5.45791,1.75740,0.68184,8.49511,1.52653,0.64053,1.05075,1.14540,1.98737,4.97879,1.18701,-0.11388,1.59028,1.50477,4.43212,3.32189,1.81087,0.55038,0.71871,4.68855,1.18708,mouse_dbs_T96_plate 2,Pass,-0.01647,0.13613,
23MFT8:3_D14_1,0.89914,-0.72048,1.21972,0.39691,0.66911,-0.38033,0.60787,0.44818,0.79745,1.92425,4.90782,1.01174,6.64423,2.95404,2.04055,0.57102,2.70701,4.03620,1.29440,2.86902,4.15415,0.46430,8.33615,1.86222,1.29485,4.58823,2.62260,1.26214,-0.01716,0.19656,1.21181,2.48410,-0.90607,-0.58886,1.24957,1.67929,0.36296,5.93610,1.31203,1.35314,1.30400,0.72479,4.63922,1.19731,1.20488,2.56104,0.84009,0.65630,2.03428,1.95407,0.58858,0.82003,1.85310,3.64801,1.58931,0.53494,2.43516,1.09620,0.68460,1.37688,0.52389,0.90681,1.63678,6.93946,0.00664,0.16962,1.13563,8.84993,2.86572,1.61169,0.09461,3.35061,1.46584,0.22285,7.01030,1.25190,0.46226,1.13757,0.55492,0.15797,3.48039,1.40592,-0.66679,1.26329,0.58801,2.42736,1.13273,1.02048,0.47511,0.25447,2.66242,0.99678,mouse_dbs_T96_plate 2,Pass,0.03057,0.11237,
23MFT8:2-Day_9,3.02918,0.89099,1.99714,0.90305,0.55805,0.29986,1.44269,1.46226,1.31348,3.37178,6.51829,1.23241,8.91338,3.60321,4.07117,-0.04661,3.35944,6.46153,1.35178,5.85573,1.21539,1.48771,8.61747,2.52370,1.43108,10.03357,4.45443,1.81705,-0.01430,1.08448,1.46443,3.43217,0.29247,0.62562,1.63264,2.61627,0.76590,8.95630,1.86546,1.51017,2.11686,1.23821,5.24022,2.96219,1.28038,5.75775,1.20486,-0.06316,5.34609,2.10209,0.53232,4.00595,2.01461,5.79564,2.18940,1.39934,2.64684,1.59885,1.34905,1.71721,1.67210,1.61057,4.43171,7.48607,0.32927,0.56835,2.72040,9.02714,3.33129,2.48006,0.85368,5.48578,1.78416,0.53133,8.16672,1.42356,0.69274,1.15557,1.05629,2.46282,4.25300,-1.04614,0.66044,1.82378,1.10075,5.58011,3.68705,1.54181,0.36878,0.95197,5.44174,1.23629,mouse_dbs_T96_plate 2,Pass,-0.08957,0.19307,
23MFT7:2-Day_0,1.33151,0.55978,1.73325,0.51226,0.21923,0.09546,0.52207,1.30899,1.03901,2.95794,7.14390,0.73372,8.38228,3.05537,2.34887,0.11623,4.17103,5.85026,1.05341,5.24081,0.42287,0.63422,8.99319,2.50078,1.08812,9.02607,3.82745,1.61105,-0.27123,0.70722,0.54133,3.44798,-0.45256,-0.57971,1.31042,1.98545,0.56775,7.06409,1.30986,0.75196,1.91702,0.76643,5.49146,2.29601,0.85307,5.11515,0.57044,-0.49509,4.00339,1.55200,-0.44703,3.59081,2.26823,6.05074,1.23808,0.53672,2.86093,1.38417,1.29057,1.33141,1.08871,0.45680,2.83075,7.96938,-0.68787,-0.00985,1.91132,9.05347,3.71507,2.50277,0.60230,5.36528,1.38144,0.40810,7.97294,1.28897,0.67190,0.96472,0.51968,1.35852,4.58540,0.17263,-0.31885,1.24485,1.53464,3.17523,2.75932,1.66155,0.26937,0.59344,4.72571,0.81904,mouse_dbs_T96_plate 2,Pass,-0.16791,-0.10043,
23MFT7:4-Day_9,1.70322,0.43539,1.56898,0.52261,0.51141,0.38202,0.92199,1.24488,0.91461,2.45298,6.64679,1.10555,8.60147,3.41564,2.94872,0.19491,3.69995,6.26379,1.27803,5.48071,0.00235,0.70383,8.85826,2.29815,1.43682,9.75058,4.43518,1.52548,-0.00502,0.70451,1.27075,3.51084,-0.58864,-0.41513,1.36657,1.82348,0.48986,7.77560,1.48260,1.03923,1.86272,0.77707,5.55385,2.29369,1.02878,5.22732,0.75496,0.01215,5.23372,1.16746,0.20759,3.83652,2.00889,5.36524,1.26471,0.37956,2.84659,0.74586,0.71690,1.54556,1.53677,1.11515,2.83200,7.57904,0.52287,0.20269,3.03647,9.05853,3.64501,1.76205,0.56688,5.21949,1.58075,0.31308,8.75596,0.76285,0.51728,1.30699,0.53590,1.14621,4.05817,0.87535,-0.00979,1.42896,1.17691,4.65934,2.71405,1.40747,0.83130,0.25236,4.68901,0.84848,mouse_dbs_T96_plate 2,Pass,-0.05408,-0.01903,
23MFT8:1-Day_4,1.70844,0.58833,2.08786,0.53728,0.73636,0.30227,0.62729,1.38043,1.48854,3.26798,7.48762,2.62947,8.71797,3.55687,3.30580,0.30174,4.49715,6.32766,1.32117,6.51668,0.45722,1.36724,9.23432,2.81190,1.44736,8.66419,4.52469,1.68501,0.16095,1.09938,0.99976,3.75433,-0.43873,0.38801,1.74060,2.20870,0.78740,11.72497,1.55732,1.63766,3.10376,0.96582,5.66605,2.43873,1.32517,5.27832,1.31566,1.25323,6.35833,1.73010,-0.24264,4.01353,2.24933,5.79409,1.73086,0.76812,3.13330,1.59562,1.30338,1.78301,2.00307,1.12040,5.40850,8.15280,-0.10291,0.40227,3.46435,9.26742,3.87746,2.41636,0.91600,5.63402,1.49992,0.24441,10.45156,1.82394,0.89090,1.22493,1.15531,1.73453,4.88934,0.38863,0.29465,1.24550,0.17702,4.23609,2.51329,1.97649,0.74004,0.93919,4.60757,0.93986,mouse_dbs_T96_plate 2,Pass,0.03168,0.10961,
23MFT8:4-Day_4,1.61876,1.38321,1.78651,0.17288,0.36335,0.08930,1.16657,1.73143,0.90142,3.03479,7.74245,1.52426,8.50480,3.40573,3.01118,-0.51235,4.45083,6.15962,1.13748,6.36942,-0.24944,1.03253,9.21613,2.73780,0.97935,8.96525,4.12559,1.53124,0.10374,0.50206,0.71894,3.83444,-0.55547,-0.23406,1.77023,1.95306,0.36555,8.32535,1.32132,0.89783,1.70555,0.86817,5.64007,2.45268,1.14394,5.85299,0.12305,0.88725,5.67784,2.09024,0.15185,4.17615,2.46121,6.23676,1.73250,0.53003,3.23329,1.26685,1.53087,1.57478,1.33791,0.72687,2.51256,8.20729,0.49439,0.13911,3.05326,9.16513,3.79566,2.59226,0.51552,5.66765,1.20995,0.33943,7.73020,1.13528,0.47006,1.51076,0.53016,1.93673,4.61245,0.03918,0.24698,1.16683,0.65777,3.92579,3.59110,1.55956,0.28654,0.43044,5.08654,0.56418,mouse_dbs_T96_plate 2,Pass,0.06779,-0.01797,
23MFT7:5-Day_0,1.12590,-0.23889,1.71271,0.87543,0.48663,-0.11734,0.35684,1.50613,0.84603,2.54821,7.14386,0.91834,8.19483,2.93876,2.31845,-0.33749,4.44179,5.87550,1.30319,5.03440,0.08238,0.30591,8.92178,2.34380,1.06148,8.79756,3.97364,1.45069,-0.34336,0.72382,0.73735,3.57459,-1.06506,-0.64510,1.43413,1.97398,0.36302,6.35795,1.52168,0.86314,1.59191,0.82737,5.73078,1.95680,1.06153,5.34781,0.67716,0.56343,3.38113,1.79734,0.30667,3.39328,2.42544,6.15847,0.99396,0.29112,3.12674,0.83968,0.85094,1.57267,0.76924,0.45884,1.77513,8.09484,-1.60364,0.27940,1.84691,9.10779,3.93842,1.96940,0.42712,5.23275,1.39914,0.42524,7.46497,1.61405,0.82981,1.06788,0.54132,0.86129,4.68314,1.32943,-0.71375,1.52039,0.72540,2.88888,2.58737,1.38182,0.25251,0.39238,4.82535,0.00812,mouse_dbs_T96_plate 2,Pass,0.00313,-0.03937,
23MFT8:4-Day_9,1.70065,0.59304,1.85628,0.05145,1.01118,0.40388,0.65557,1.51925,0.99225,3.70983,7.45136,1.51344,8.49276,3.36760,2.57478,0.33272,4.46892,6.13598,1.14553,5.57548,0.44873,1.18134,9.12738,3.02060,1.70981,9.00329,4.31712,1.64793,0.48660,0.84642,1.01053,3.83842,-0.32780,-0.46727,1.53010,2.25935,0.77048,7.08691,1.67966,1.33407,2.19883,1.32582,5.63978,2.29799,1.33320,5.61172,0.81376,1.02798,4.57236,2.28021,1.05059,3.52083,2.39070,6.01083,1.79256,0.81514,3.39449,1.79893,1.35080,1.81237,1.25477,0.94449,2.50174,8.22820,0.16332,0.33359,2.61537,9.17462,3.91140,2.34107,0.80113,5.59856,1.89467,0.55655,7.71241,1.55321,0.67439,1.12532,0.92646,1.55759,4.91317,0.94069,0.12795,1.68527,1.22214,3.66755,3.13434,1.49378,0.60307,0.96921,4.83067,1.07709,mouse_dbs_T96_plate 2,Pass,-0.05936,0.11934,
23MFT7:1-Day_1,1.66049,0.22809,1.81170,0.57188,0.71041,-0.28434,0.15502,1.61691,1.18135,3.20833,7.40316,2.05037,9.00035,3.52531,2.68976,0.19909,4.74567,6.17571,1.19512,6.02775,0.16655,1.10205,9.07004,2.82851,0.90753,8.58656,4.45178,1.87047,-0.51253,0.70303,0.81979,3.84649,-0.53932,0.15235,1.63795,2.05780,0.82742,8.55599,1.65825,1.14832,4.80870,1.13689,5.71387,2.66276,1.28020,6.15755,0.48951,0.26278,5.77938,1.41827,0.24206,4.19138,2.49280,6.06132,1.32258,0.70398,3.33369,1.25071,1.51818,1.83046,1.23298,1.06736,2.56194,8.17732,-0.67880,0.04127,3.74026,9.15493,3.93463,2.44794,0.73478,6.19373,1.40938,0.46110,8.65402,1.37811,0.91668,0.89908,0.74307,1.93808,5.09482,0.56192,-0.23991,1.48889,1.38446,4.41660,3.38049,1.96151,0.62988,0.52022,5.35325,1.13002,mouse_dbs_T96_plate 2,Pass,0.08399,0.09510,
23MFT7:5-Day_3,1.27420,-0.79494,1.36188,0.15973,0.26919,-0.30509,0.27548,0.68251,0.59774,2.25084,6.92095,0.76120,8.01352,2.92282,2.17130,-0.33304,3.88435,5.61130,0.71307,4.90743,-0.12184,0.48641,8.79697,2.17257,0.65023,8.00333,3.44299,1.25085,-0.63254,0.50118,0.60108,3.17107,-0.99895,-0.07888,1.31463,1.73199,0.26700,9.28165,1.33753,1.14218,1.67109,0.53428,5.51443,1.83652,0.91454,4.29816,0.43014,-0.86043,4.19143,1.24733,-0.55403,3.12304,1.98080,5.60683,1.24250,-0.10432,2.66698,0.61185,0.56658,1.61735,1.18233,0.36464,3.33279,7.91641,-0.53321,0.01995,1.64468,9.01388,3.68372,1.91898,0.40549,4.67025,1.13974,-0.15840,8.24279,1.51065,0.32547,0.80740,0.32844,1.05209,4.18555,0.77844,-1.01899,0.93316,0.42774,2.73203,2.13300,1.29249,0.13741,0.13646,4.13422,0.32213,mouse_dbs_T96_plate 2,Pass,-0.03926,-0.04154,
23MFT8:3_D14_5,1.27431,-0.02211,1.69750,0.17572,0.63345,-0.34686,1.20727,0.79311,1.01432,2.94294,5.99765,0.89309,7.45356,2.94156,1.76442,0.75480,3.49354,4.95704,1.55032,3.95240,5.18867,1.49457,8.79063,2.90011,1.28462,4.95836,3.33347,1.99730,-0.15331,0.75877,0.55539,3.01089,0.42677,1.29083,1.40548,2.16512,0.42193,6.61817,1.44529,1.26880,1.95418,1.11407,4.92641,1.62086,1.36880,2.94241,1.28740,0.66777,2.36748,1.38231,-0.08731,1.83449,2.17957,4.28352,1.72573,1.06099,2.61875,1.46554,1.13995,1.75373,1.11487,1.46457,3.10371,7.61195,0.70170,0.32996,1.90947,9.08852,3.29481,2.00354,1.02802,4.75516,1.93616,0.69782,7.65204,1.41545,0.79268,1.49297,0.75309,0.95153,4.36480,0.60372,-0.25839,1.79907,1.25654,3.33256,0.52151,1.54526,0.68449,0.96910,3.33541,1.31808,mouse_dbs_T96_plate 2,Pass,-0.17064,0.22634,
23MFT8:5-Day_9,2.26290,0.45716,1.79816,0.94609,0.84969,0.17410,0.79460,1.91536,1.04091,2.92800,6.90935,0.87186,9.19077,3.96440,3.51238,-0.06979,3.93888,6.73093,1.15526,6.37718,0.27973,0.58257,9.05970,2.17132,1.16368,10.28862,4.69962,1.61444,-0.15801,0.72446,1.68989,3.53585,-0.81309,0.17227,1.96765,2.28349,1.05979,8.27164,1.75312,1.31841,1.86274,1.32170,5.57668,2.82871,1.43549,6.16918,1.01775,-0.48900,6.13606,1.73116,0.81992,4.56087,2.14123,5.78222,1.74622,0.54108,2.92802,1.12776,1.44442,1.72145,1.67281,1.26851,4.47350,7.82852,0.87155,0.03503,3.06029,9.05365,3.66503,2.41650,0.71908,5.54816,1.25324,0.43014,8.40152,0.94766,0.55394,1.54344,0.23789,2.01904,4.41120,0.76132,0.72386,1.33872,1.59284,5.17474,3.48969,1.47847,0.37957,0.35586,5.39596,1.19428,mouse_dbs_T96_plate 2,Pass,0.12113,0.12550,
23MFT8:3-Day_14,2.48710,1.54153,2.03495,0.36151,0.71988,0.52427,0.60520,1.46194,1.12028,2.92532,6.72750,0.73041,9.17199,4.02672,2.42926,0.27464,4.03452,6.81477,0.93544,5.80142,0.38459,0.98742,9.01018,2.95489,1.29678,10.44708,4.74338,1.58532,-0.39092,0.69994,1.06630,3.55738,0.00563,0.24566,1.40499,2.10833,1.29310,7.62729,1.96583,1.09975,1.95370,1.38550,5.43466,2.38882,1.28215,5.08788,1.00965,0.55196,3.79694,1.87073,-0.03494,3.20687,2.25822,6.27790,1.80186,0.65016,3.19776,1.63147,1.31421,1.78154,1.47718,1.03819,3.03467,7.88047,-0.04982,0.23266,2.05316,9.02620,3.57627,2.89527,0.92471,5.60748,1.52938,0.38081,7.46343,1.82999,0.78783,1.11776,0.45931,2.43575,4.59285,-0.44042,0.63240,1.27199,1.14528,4.00592,2.36877,1.53763,0.22194,0.25482,4.50628,0.90992,mouse_dbs_T96_plate 2,Pass,0.02666,0.03768,
23MFT8:4-Day_3,1.32258,0.91097,2.08864,0.39660,0.88359,0.87245,0.36161,1.13625,1.00506,2.59822,7.14533,0.55052,9.20131,3.84042,2.53795,0.10982,4.19191,6.57917,0.68478,6.62505,-0.68781,0.48046,8.87986,2.77790,1.22155,10.46753,4.69940,1.32159,-0.70950,0.26699,1.34742,3.34574,-0.74878,-0.72407,1.02685,1.77084,1.17559,7.88398,1.63388,1.26216,1.80388,2.55135,5.51197,2.64234,1.02597,5.58254,1.20430,-0.07073,4.87676,1.29343,-1.09367,4.75240,2.06839,6.18664,1.68637,-0.31988,3.37095,0.66795,1.30487,1.48947,1.67343,-0.17968,1.86942,8.10812,0.19440,0.05277,3.41911,9.05584,3.77095,2.34187,0.51181,5.82535,1.02939,-0.03913,8.00334,1.10572,0.46548,1.00137,0.68359,1.82739,4.43057,-0.27620,0.39221,1.26737,1.13749,3.53835,3.29647,1.37372,0.24841,0.13235,5.31580,0.45533,mouse_dbs_T96_plate 2,Pass,0.05062,-0.07798,
23MFT8:3_D14_3,1.61741,0.24809,1.92691,0.79662,1.07960,-0.50590,0.52027,0.87078,0.88718,2.29317,5.40391,1.15534,7.25564,3.04825,2.03329,1.07630,3.71205,4.85816,0.93799,3.74512,5.51989,0.88906,8.74483,2.94969,1.39427,5.06450,3.53729,1.49147,-0.11971,0.39371,1.06943,2.70179,-0.43275,-0.49667,1.29340,2.23365,0.67350,6.57233,1.73928,1.19319,1.92281,1.05948,5.21360,1.56773,1.48196,2.85167,1.03466,-0.29428,2.01333,1.94251,0.47778,0.99507,2.49602,2.67491,1.98200,0.85085,2.90819,1.56483,0.79356,1.44088,1.02162,0.71811,3.35665,7.42834,0.13820,0.26815,1.65524,9.07247,3.49583,2.32885,0.45842,3.84688,1.18901,0.45270,7.69432,1.68365,0.92677,1.55853,0.71480,0.82519,4.20426,1.27218,-0.24705,1.62613,0.32177,3.27875,1.25033,1.49485,0.61696,0.72069,3.10611,1.01858,mouse_dbs_T96_plate 2,Pass,-0.06911,0.02403,
23MFT7:4-Day_3,1.33299,-0.84041,1.70915,-0.19958,0.77425,-0.07792,0.49572,0.92512,1.08672,2.68670,7.03459,1.18048,8.32364,3.19160,2.83818,0.30567,4.43826,5.97546,1.04553,5.64589,0.04437,0.63390,8.73836,2.74178,1.24731,8.50682,4.22047,1.49572,-0.54537,0.54618,0.88297,3.39934,0.06485,0.09847,1.46430,1.77216,0.41353,10.57079,1.21202,1.22441,1.81046,0.77834,5.72395,2.05452,1.01393,4.97058,0.87297,-0.07669,5.24427,1.66833,0.43662,3.48105,2.34144,5.67125,1.27135,0.76189,3.10945,1.08394,0.84718,1.36405,1.63641,0.95341,4.75289,7.93991,0.04559,0.12762,1.95302,9.18690,3.71021,1.88739,0.60997,5.48308,1.27302,0.08069,8.96829,0.63845,0.77596,0.67341,0.67234,0.81998,4.52269,0.60542,-0.45981,1.39711,0.42828,3.22135,1.93402,1.75697,0.08864,0.23740,4.50101,0.61559,mouse_dbs_T96_plate 2,Pass,-0.04989,-0.03453,
23MFT8:4-Day_2,1.92709,0.01406,1.82594,0.30711,0.58030,0.03102,0.98854,1.51919,0.85461,3.15424,7.69972,1.26931,8.65986,3.54620,2.75240,0.09481,4.34993,6.28142,0.59710,6.18900,-0.17531,0.70419,9.06080,2.97507,0.98159,9.14293,4.25500,1.45428,0.04313,0.63143,0.99432,3.77706,-0.13513,0.26834,1.47817,1.85784,0.56080,8.23003,1.50539,0.63436,2.06460,1.05106,5.66099,2.42755,1.18064,5.71172,0.77827,0.42382,6.41503,1.64153,0.35299,4.10649,2.38697,6.51537,1.72890,0.83925,3.52367,1.07562,1.39475,1.63939,1.30753,0.88680,2.57611,8.13621,-0.61024,0.31173,3.44867,9.05546,3.82969,2.40249,0.64491,5.90025,1.47170,0.21236,8.11784,1.69348,0.64825,1.16608,0.76748,1.71554,4.53052,0.63021,0.01732,0.96293,1.62137,3.93709,2.92047,1.41913,0.09824,0.43773,4.59789,0.06030,mouse_dbs_T96_plate 2,Pass,-0.02152,0.04890,
23MFT7:4-Day_2,1.27393,-0.24395,1.56735,0.50807,0.73114,0.10582,0.60097,1.21182,1.11118,2.58784,6.85060,2.26630,8.43347,3.80608,2.29547,0.28212,4.39164,6.22044,0.47810,5.53210,0.63730,0.59141,8.89721,2.52788,0.45422,7.82931,4.03833,1.34254,-0.34354,0.78548,1.03319,3.76555,-0.72077,-0.17299,1.47310,1.85292,0.50879,9.22118,1.37597,0.62942,1.77151,0.84136,5.77347,2.26124,1.24980,5.65478,0.70754,0.38693,7.46817,1.69305,-0.03779,3.86581,2.38154,5.91699,1.21908,0.57576,3.10519,1.26407,0.90787,1.33937,1.09749,1.02936,3.19970,8.00927,-0.00235,0.29556,4.17229,9.10735,3.81895,1.99768,0.43463,5.75816,1.24142,0.02160,8.57134,0.91649,0.52208,0.93349,1.23017,0.80283,4.54186,0.55124,-0.59471,1.14817,1.16153,3.73213,2.70406,1.51086,0.07613,0.45672,4.75420,0.84673,mouse_dbs_T96_plate 2,Pass,-0.00066,0.04115,
23MFT8:4-Day_5,1.26901,0.31811,1.69767,0.36973,0.79077,-0.03900,1.30062,1.58955,1.06104,3.41276,7.46109,1.65558,8.88337,3.14153,3.16144,-0.14529,4.34740,6.28038,0.93495,5.77680,0.46533,1.04093,9.06924,2.84403,1.01210,8.76050,4.25583,1.95230,0.03110,1.01506,0.89546,3.80634,-0.21368,0.23193,2.01385,2.16486,0.71684,7.83521,1.30115,0.43585,2.07389,0.83107,5.65188,2.45933,1.23725,5.80042,1.08700,0.74499,6.00859,1.61493,0.44984,4.32803,2.26369,6.34596,1.77187,0.64208,3.67261,1.65821,1.28806,1.22590,1.18636,1.48822,2.88724,8.16578,-0.01619,0.31081,3.50260,9.09373,3.83739,2.49560,1.00954,6.20105,1.55571,0.29917,7.80423,1.61589,0.66934,1.10101,0.47148,1.53905,5.03370,1.10507,0.05324,1.52703,1.65771,4.16035,3.09573,1.57379,0.31203,0.57413,5.04207,1.16020,mouse_dbs_T96_plate 2,Pass,-0.22604,0.12964,
23MFT7:4-Day_14,1.94319,0.30495,1.46781,0.32247,0.05814,0.65158,0.02282,1.28863,0.75181,2.25274,6.37991,0.45891,8.88445,3.72730,2.22567,-0.50085,3.80385,6.52674,0.69794,5.62897,-0.24803,0.27228,8.91147,1.95187,0.35399,10.27783,4.51090,0.92784,-0.47678,0.72362,0.96394,3.44883,-0.86727,-0.90333,0.98487,1.55252,0.68039,7.69753,1.34949,0.92186,2.14423,0.64536,5.69849,2.06261,0.87496,4.48170,0.29873,0.13312,4.55607,1.61669,-0.15744,3.10310,2.03229,5.78074,1.32091,0.17435,2.93699,0.77204,0.62002,1.62301,1.41028,0.23510,2.68251,7.73118,-1.16823,0.28047,2.32829,9.05299,3.74091,1.89053,-0.10064,4.40193,1.13738,0.22315,7.52951,0.38251,0.50405,1.18804,0.32331,0.99844,4.06793,0.06593,-0.03537,0.82770,0.08222,4.38841,2.50490,1.33957,0.21167,0.23733,4.30103,-0.32358,mouse_dbs_T96_plate 2,Pass,0.00547,-0.01429,
23MFT8:1-Day_2,1.95904,1.07352,2.06266,0.19409,0.62997,0.18264,0.18058,1.32069,1.14120,3.01470,6.89481,2.17209,9.39727,4.45269,2.58792,0.34713,4.33583,6.93245,1.09863,6.51544,0.55167,0.57214,9.10794,2.75152,0.89143,9.70560,4.50250,1.38997,-0.23742,0.69731,1.61111,3.75675,-0.85876,-0.21343,1.66850,2.02738,1.10044,10.03408,1.63400,1.35116,1.94363,1.23892,5.70911,2.54726,1.04999,5.50169,-0.01204,-0.28104,7.10748,1.74051,-0.46938,3.78215,2.14967,6.22303,1.68303,0.74196,3.18031,0.65385,1.20055,1.66417,1.72636,0.62172,2.79042,8.06598,-0.71816,-0.01328,4.04679,9.13890,3.85889,2.58134,0.61784,5.45299,1.32081,0.27966,8.94439,1.71410,0.46487,0.88317,0.78152,2.34038,4.73445,0.57582,0.08870,1.49540,0.89114,4.60486,2.62783,1.42704,0.33178,0.66025,4.76435,0.74409,mouse_dbs_T96_plate 2,Pass,0.05604,-0.03420,
23MFT7:2-Day_7,1.02552,-1.42474,1.59127,0.64659,0.56949,0.16271,0.56432,1.23791,0.99405,2.23246,6.65696,1.37133,8.89323,3.88123,2.25246,-0.40804,4.00149,5.77371,1.06005,4.81983,0.12478,-0.19446,9.02648,1.95414,1.30991,9.21750,4.43917,1.72376,-0.04976,0.54180,1.15217,3.73159,-0.16027,0.03706,1.17231,2.05651,0.76409,7.51223,1.30810,0.80282,1.33404,1.08032,5.47809,2.41498,1.03351,5.36661,0.71067,-0.24064,5.80843,0.73963,-0.06358,3.72386,2.15401,6.04364,1.13618,-0.02619,3.01090,0.80246,1.46577,1.58853,1.10826,0.75412,2.25541,8.03148,-1.26313,0.15914,3.33969,9.01577,3.74122,2.28134,0.63185,5.68250,1.47183,0.09061,8.58991,1.64003,0.84018,1.10942,0.47246,1.51541,4.33750,0.04897,-0.08534,1.37846,1.04514,4.16137,3.12461,1.26035,0.08662,0.26360,4.69943,0.87751,mouse_dbs_T96_plate 2,Pass,0.04531,0.04861,
23MFT7:4-Day_5,1.62104,0.30122,1.79964,0.85405,0.71295,0.38726,0.58504,0.94628,2.02381,2.58465,7.55811,2.46817,8.61662,3.12373,3.60069,-0.01832,4.38322,6.49013,0.82890,6.81560,0.57453,0.80185,9.00600,2.30809,1.03563,8.17927,4.52628,1.36882,-0.00135,0.96598,1.32679,3.49110,-0.54080,-0.22753,1.69345,1.70453,0.42296,12.76838,1.74479,1.25419,2.66903,0.99274,5.70885,2.45119,1.15996,5.08249,0.78417,0.36647,6.88265,1.64223,0.08401,3.84756,2.15000,5.82694,0.99482,0.35734,3.23694,0.53751,0.83839,1.41768,2.35782,0.58424,5.15558,7.97663,-0.75520,0.14585,3.19523,9.15211,3.96194,1.82898,0.67327,4.93996,1.66666,0.10033,10.20184,1.16098,0.52280,1.00334,0.47149,0.80656,4.45298,0.50015,-0.13364,1.20954,0.81367,4.42103,3.00039,2.39010,0.06329,0.27603,4.74050,0.68164,mouse_dbs_T96_plate 2,Pass,0.00457,-0.09163,
23MFT7:1-Day_14,1.38398,-0.05721,1.58104,0.13915,0.27104,0.62805,0.42922,1.53564,0.88893,1.98047,6.65932,0.58294,8.84947,3.76951,2.14689,-0.19207,4.20388,6.18156,1.53536,5.59572,-0.15497,-0.24344,8.88321,2.67004,1.08446,10.39713,4.77633,1.26109,-0.72888,0.50878,1.11942,3.56707,-0.51682,-0.17877,1.21017,1.93018,1.26733,7.43863,1.80302,1.07102,1.73984,1.37720,5.77444,2.15684,1.26014,5.42494,0.96021,0.43996,3.72141,1.23590,-0.03139,3.22647,2.20911,6.16721,1.38607,0.59003,3.21294,0.77276,1.01135,1.55087,1.28086,0.21041,3.12788,8.10907,0.15955,0.14877,2.38434,9.19340,3.80639,2.33391,0.58628,4.95422,1.36612,0.18912,7.37809,1.02694,0.59267,0.78122,0.45859,1.49633,4.42800,0.72122,-0.42188,1.52187,1.28961,3.08423,2.92054,1.44947,0.29502,0.13505,4.91802,0.75885,mouse_dbs_T96_plate 2,Pass,0.09410,0.04439,
23MFT7:5-Day_5,1.23741,-0.20101,1.68753,0.67258,0.31258,-0.07071,0.03807,0.52544,0.92920,2.26106,6.65327,2.05637,8.54491,3.12453,2.84633,0.01128,3.77459,5.70048,0.80342,4.84134,-0.28134,0.39712,8.77810,1.74701,0.87160,7.17779,3.87328,1.21426,-0.28546,0.63266,0.69254,3.26397,-0.35231,-0.35676,1.25448,2.03127,0.38664,11.23729,1.36439,1.09047,1.90055,0.92927,5.52519,2.09808,1.31918,3.99500,0.48979,-0.43643,5.88246,1.59952,0.43423,3.71185,1.77671,5.72226,0.89370,0.52563,2.69531,1.26604,0.92350,1.26384,1.47795,0.78541,4.62997,7.84377,-1.10842,0.20091,3.00107,8.98738,3.73621,1.85213,-0.09813,5.07955,1.36722,0.23645,10.16719,1.45922,0.64760,0.82722,0.38585,0.85058,4.17353,1.02883,-0.55751,1.23112,0.62005,3.61387,1.95668,1.26378,0.21793,0.62320,3.87343,0.56006,mouse_dbs_T96_plate 2,Pass,0.07981,0.02605,
23MFT7:4-Day_4,1.37750,0.26178,2.20266,0.03719,0.83668,0.08162,0.61234,1.04450,1.84403,2.88313,7.31405,2.87079,8.87953,3.24565,3.30340,0.04507,4.40250,6.31471,1.06764,6.78090,0.10476,0.54371,8.98508,2.49983,1.30149,7.63496,4.20576,1.63170,0.08179,0.62789,1.07696,3.69571,-0.05886,-0.33324,1.57946,1.96470,0.60763,12.80073,1.38804,1.27841,2.46010,1.01366,5.68654,2.69355,1.16957,4.57857,0.63382,0.52210,7.12608,1.59279,0.65273,4.01194,2.27512,5.77102,1.20171,0.85056,3.20271,0.95631,0.86158,1.43144,2.56586,0.64183,5.10544,7.98121,-0.67141,0.26091,3.25739,9.19265,3.91439,2.08278,0.65644,5.07482,1.39005,0.24525,11.64848,1.56053,0.36228,1.03252,0.99114,0.90765,4.70852,0.24687,-0.49110,1.39351,0.53530,4.41442,2.58349,2.47054,0.07808,0.60804,4.71718,0.91808,mouse_dbs_T96_plate 2,Pass,-0.02654,0.04106,
23MFT8:4-Day_14,2.15680,1.40833,1.82767,0.56090,0.50719,0.88959,0.84200,1.32592,0.90607,2.63621,7.08228,0.83706,9.38275,3.71264,2.54302,0.31569,4.21402,6.57511,1.30785,6.83311,0.47473,0.50088,9.03866,2.59232,1.26869,10.47347,5.07201,1.71006,-0.44422,0.35175,1.70005,3.70646,-0.80052,-0.14531,1.49763,1.98312,1.39814,7.69598,1.85415,0.69161,2.60276,1.26389,5.35318,2.20307,1.07352,4.89459,0.88261,0.26542,3.85190,1.02638,0.19886,3.43085,2.15158,6.27323,1.78790,0.51123,3.46225,1.21276,1.24183,1.70678,1.54246,0.92460,2.44686,8.10740,0.08536,0.27690,2.53800,9.09119,3.63942,2.92079,0.72100,5.26933,1.46342,0.27903,7.61066,1.54344,0.42447,1.24610,0.63292,2.10164,4.67976,0.30478,0.47560,1.27475,1.01477,4.45969,2.60168,1.47900,0.02605,0.50446,4.41626,0.71887,mouse_dbs_T96_plate 2,Pass,-0.06934,0.04796,
23MFT8:5-Day_0,1.10753,-0.06870,1.60708,0.12524,-0.20034,-0.20541,0.39311,1.92275,0.98764,2.86776,7.57619,0.68105,8.17434,3.08652,2.25835,-0.01197,4.30651,5.90500,1.09119,5.37978,-0.45462,0.71480,9.28582,2.79655,0.95742,8.75951,4.06996,1.33784,-0.32264,0.62908,0.50943,3.39336,-1.07005,-0.60698,1.16367,1.65380,0.28348,6.85332,1.40799,0.62413,1.66976,0.71299,5.74326,1.95659,0.94161,5.78886,0.64978,0.62108,3.89937,1.68717,-0.26448,3.45386,2.28830,5.97381,1.41350,0.07560,3.07522,0.64416,0.95698,1.33839,0.79990,-0.26635,1.62149,8.16489,-0.24538,0.02744,1.84337,9.08862,3.87017,2.32466,0.12377,5.28321,1.16897,0.14089,7.82988,0.90245,0.69892,1.17635,0.77946,1.08904,4.76544,-0.37536,-0.49473,1.00742,1.56747,2.90238,3.42023,1.35683,-0.17869,0.06955,4.90187,-0.23424,mouse_dbs_T96_plate 2,Pass,-0.03519,-0.05985,
23MFT7:1-Day_3,1.44486,0.18638,1.68220,-0.09125,0.48450,0.14269,0.20340,1.17843,0.71972,2.18113,6.99639,0.64690,8.08061,3.13313,2.27690,-0.22974,3.91427,5.65242,0.60450,5.21784,-0.16795,0.21515,9.00722,2.28946,0.69640,8.58687,3.97288,1.30481,-0.55359,0.42933,0.47766,3.37014,-1.13953,-1.04109,1.13415,1.57611,0.43708,7.10985,1.26648,1.01777,1.50634,0.68415,5.50065,1.78071,0.98673,5.26986,0.34509,0.67657,3.56705,1.56123,-0.58123,3.09230,2.19531,5.66418,0.89248,0.28071,3.02300,0.28177,1.26107,1.43909,1.00857,0.46610,2.52947,8.09579,-0.77091,0.02903,1.90203,9.07043,3.65979,1.89348,0.52291,4.87095,1.37473,-0.17492,7.14547,1.30966,0.34445,1.01270,0.18000,0.99797,4.27158,1.20640,-0.65344,0.74538,0.68258,2.71982,2.79474,1.02976,-0.36681,0.22069,4.55626,0.21310,mouse_dbs_T96_plate 2,Pass,0.02233,-0.00612,
23MFT8:4-Day_1,1.99096,1.48490,1.78829,-0.00401,0.97698,0.39449,0.27422,1.50164,1.22333,2.72119,7.11635,2.01049,9.29976,3.76394,2.73155,-0.13860,4.24130,6.46869,1.33676,6.86492,-0.16877,0.76770,9.04803,2.86533,1.03094,10.14113,4.39565,1.41505,-0.77817,0.65051,1.20689,3.51271,-0.53533,-0.56854,1.03814,1.80848,1.05952,8.09702,1.71992,0.97054,1.82995,1.19897,5.41979,2.55809,1.12550,5.85775,0.41567,0.76827,6.20574,1.15603,0.02968,3.81599,2.30561,6.17967,1.47785,0.11984,3.30569,0.97500,1.08682,1.64566,1.31756,0.46603,2.19638,8.08874,-1.60731,0.16441,3.98833,9.13138,3.72557,2.59197,0.64504,5.53251,1.40204,0.43211,8.01844,1.27253,0.54503,0.72994,0.69376,2.29025,4.40873,0.87946,0.44843,1.20602,0.91347,4.69161,3.36754,1.21564,0.24555,0.14591,5.08880,0.51504,mouse_dbs_T96_plate 2,Pass,0.03321,-0.08071,
23MFT8:1-Day_1,2.34652,2.12003,1.95057,-0.04287,1.39229,1.04584,0.40120,1.29982,1.33889,2.40543,5.85678,3.04156,9.50321,4.70686,1.98344,-0.00333,3.56267,6.92208,0.86855,7.06562,-0.27347,0.53482,8.59861,2.57379,1.29445,10.45821,4.12954,1.43706,-0.75650,-0.15087,1.70202,3.13229,-1.45672,-0.91792,1.02913,1.76016,1.34268,8.74101,1.98686,0.71668,1.68762,1.69335,5.09996,2.26067,1.09090,5.14473,0.34837,-0.13039,5.09500,1.52058,0.06106,3.25964,1.75504,4.93614,1.22118,-0.05994,2.85615,0.11780,0.89265,1.36068,1.88188,0.09086,2.52830,7.66446,-1.06964,0.15248,4.02944,8.95212,3.41583,2.64696,0.61578,4.00937,1.35512,0.44675,8.52215,1.20282,0.52404,0.83805,1.11538,2.65440,4.04545,0.35145,0.30174,1.36070,1.29304,4.66926,2.23147,1.16710,0.21670,0.30748,4.63175,0.58078,mouse_dbs_T96_plate 2,Pass,-0.01999,-0.15449,
23MFT8:2-Day_1,2.33231,0.75573,1.69614,0.40452,1.14916,0.44022,0.59433,1.69569,1.04073,2.31523,6.93801,2.21535,9.00199,4.30528,2.32045,0.19712,4.27949,6.71412,1.06396,6.58308,-0.65067,0.80939,8.86735,2.95619,0.89295,10.00567,4.05664,1.17049,-0.15880,0.39280,0.95365,3.45936,-1.09232,-1.46103,1.48508,1.64066,0.91891,8.11081,1.46170,1.01236,1.94648,1.13251,5.54917,2.50079,1.18148,5.94102,0.72047,0.80104,5.78735,1.79118,-0.60462,3.61111,2.03701,5.66797,1.53106,-0.10527,3.09640,0.82796,1.18694,1.40849,1.29748,0.31910,1.82102,7.98223,-1.25681,0.03354,3.84011,9.08347,3.76283,2.90938,0.61921,4.98318,1.45176,0.03515,8.26680,1.51400,0.38391,0.73157,1.27652,2.74388,4.37081,0.85022,-0.06139,1.34936,1.18704,4.38577,3.20567,1.38474,0.22944,0.11504,4.88252,0.13823,mouse_dbs_T96_plate 2,Pass,-0.06145,-0.07645,
23MFT8:1-Day_9,2.22961,0.56861,1.48668,0.48711,0.97332,0.16126,0.22784,1.09932,1.08385,3.30364,6.57920,0.87637,8.90495,3.81581,2.73802,-0.48430,3.31981,6.36484,0.88240,5.91517,0.02675,0.22275,8.61630,2.13396,1.07863,10.25072,4.43838,1.06201,-0.43580,0.44610,1.25441,3.16639,-0.25022,-0.90926,1.29189,1.75271,0.65686,8.21996,1.52388,0.91520,2.16625,1.13199,5.11909,2.84217,1.00105,5.02441,0.76257,0.65007,4.95837,1.60327,-0.11627,3.36460,1.85566,5.55869,1.44979,0.48325,2.45396,0.77380,1.24724,1.80793,1.65425,0.54090,2.87456,7.38926,-1.04921,0.10722,2.54114,8.96400,3.42867,2.26985,0.07029,5.08554,0.98593,0.01065,7.89370,0.57086,0.68124,2.05647,0.19718,2.04197,3.86088,0.43087,0.93680,1.37770,0.64486,4.07111,2.37758,1.09225,0.35927,0.33615,4.02353,0.57643,mouse_dbs_T96_plate 2,Pass,0.12337,0.01960,
23MFT7:1-Day_7,1.67989,-0.26876,1.51576,0.06036,0.73414,0.06058,0.51827,0.93313,0.81688,2.15466,6.60082,1.85934,8.87138,3.62368,2.31168,-0.12696,3.93696,5.83331,0.96649,4.91846,0.21683,0.17753,8.95345,2.39464,1.16479,10.12906,4.16292,1.36022,-0.40362,0.24968,1.03456,3.63647,-0.34017,-0.74236,0.95183,1.96861,0.86261,7.32629,1.41462,1.06041,1.58935,1.01747,5.64154,2.28751,0.94065,5.12873,0.32082,-0.09933,5.24715,1.02712,0.28359,3.50758,2.11364,6.02340,0.57276,-0.66859,2.80571,0.51138,1.16941,1.41206,0.95577,0.30341,1.49757,8.01291,0.25130,0.07642,3.59369,9.07955,3.79536,2.11044,0.51548,5.10088,1.15780,0.02556,8.23646,1.53808,0.63366,0.69827,0.37000,1.66064,4.35129,0.93220,-0.18771,1.18170,0.63327,3.57270,2.55042,1.18281,0.42881,0.30044,4.24980,0.88890,mouse_dbs_T96_plate 2,Pass,0.17934,0.05979,
23MFT8:3-Day_4,2.42726,1.92591,2.05098,0.29147,0.53034,0.91864,0.45920,1.83101,1.57060,3.36964,7.73444,1.59890,9.28935,4.01168,2.59896,-0.03819,4.43283,7.21802,1.07223,7.19785,0.06489,1.16889,9.19829,3.19225,1.13979,10.47413,4.75752,1.33580,-0.30772,0.54054,1.59575,3.75124,-0.66725,-0.52124,1.77445,1.75235,1.47881,9.09738,1.73924,0.88171,1.79759,1.44020,5.57563,2.83900,1.12513,5.98773,0.54105,-1.19066,6.04512,1.46006,-0.46751,4.31519,2.46288,6.45906,1.85265,0.23687,3.48998,1.16810,1.55966,1.66436,1.89547,0.42436,2.46634,8.23462,0.14994,0.20305,3.64129,9.10052,3.81261,2.95191,0.94516,5.98912,1.42607,0.40329,8.08109,1.84804,0.55573,1.06155,0.59104,3.09611,4.72508,1.41620,0.94970,1.21981,2.05290,4.12783,3.54124,1.36400,0.25110,0.61038,5.22870,0.36459,mouse_dbs_T96_plate 2,Pass,-0.05477,0.01111,
23MFT8:3-Day_9,2.32931,0.84147,1.99067,0.30053,1.20454,0.26133,0.37584,1.44908,0.99220,3.08173,6.98653,1.07844,8.96245,3.92751,2.65691,-0.07070,4.08563,6.19483,0.88045,5.68201,0.28356,0.64329,9.12101,2.67365,1.35876,10.18861,4.37090,1.09743,0.05821,0.57744,1.47894,3.48318,-0.79396,-1.17357,1.52196,1.77014,0.78871,6.96009,1.45115,0.82510,1.44562,1.33574,5.58531,2.48231,1.01423,6.06035,0.89100,-1.10822,5.88986,1.97444,-0.06759,4.00142,2.14138,5.96025,1.07463,0.55200,3.15730,1.16912,1.16171,1.59540,1.06767,0.22229,2.71208,8.05892,-0.96800,-0.08132,3.17816,9.06166,3.79026,2.52010,0.43521,5.94917,1.70541,0.20247,8.31213,0.93644,0.38178,1.00779,0.50927,1.69310,4.54171,0.67832,0.24181,1.27407,1.55016,3.91609,3.67726,1.04591,0.68119,0.04843,5.11735,0.33418,mouse_dbs_T96_plate 2,Pass,-0.09858,-0.06189,
23MFT8:5-Day_14,2.13421,-0.37275,1.64553,0.44976,0.73826,0.15232,0.52824,1.19335,0.83677,2.15165,5.45221,0.92670,9.24134,4.36604,2.51304,-0.25304,3.34854,6.15408,0.84775,5.17580,0.15606,0.24734,8.60560,1.74224,1.28855,10.33871,4.56419,1.03568,-0.38014,0.48908,1.37686,3.12140,-0.57445,-0.52059,1.25499,1.83231,1.14025,8.46842,1.55053,0.74888,1.92169,1.15921,5.42446,2.45427,1.08779,4.70598,0.82536,0.02837,4.93092,1.39590,0.23184,3.27345,2.15693,5.23131,1.29517,0.11356,2.80765,0.30267,1.38106,1.57766,1.59796,0.17620,2.88136,7.53297,-1.12793,0.14734,2.80876,8.85338,3.57484,2.08520,0.35458,5.14591,1.35953,0.17386,8.48391,0.84670,0.44901,1.96225,0.38117,1.62477,3.88844,0.47555,0.75280,1.70457,0.78061,4.80538,2.58368,1.17502,0.22775,0.39687,4.51881,0.72643,mouse_dbs_T96_plate 2,Pass,0.04706,-0.05094,
23MFT8:5-Day_2,2.36401,1.79924,2.22276,0.14321,0.48169,1.18426,0.39504,1.78425,1.25578,3.28499,7.07421,1.62772,9.49903,5.06120,2.31868,0.00534,4.48163,7.18767,0.88748,6.77137,-0.42411,0.09556,9.16817,2.94366,1.23569,10.51537,4.80056,1.58667,-0.28697,0.74900,1.49520,3.77916,-0.78783,-0.41401,1.44389,1.92950,1.56239,9.98415,1.91408,1.00006,1.86373,1.59817,5.57922,2.98271,1.10191,5.75404,1.01135,0.62492,7.11459,1.78683,0.00032,4.16030,2.49720,6.33151,1.62935,0.01449,3.47038,0.86984,1.53724,1.68766,2.20305,0.59559,3.14151,8.15721,-1.43302,0.17273,3.91088,9.14336,3.92364,3.20697,0.82014,6.04099,1.46295,0.51374,8.76701,1.82389,0.80115,0.94490,0.91606,2.96354,4.82065,0.33826,0.62552,1.35743,1.59546,4.39475,2.98501,1.45578,0.15376,0.44599,4.68634,0.81159,mouse_dbs_T96_plate 2,Pass,0.05871,-0.00001,
23MFT8:2-Day_2,2.39696,1.61933,2.06718,0.54503,1.16706,0.89808,0.21724,1.40462,1.40624,2.41567,6.64180,1.50111,9.27250,4.56626,2.76108,0.08988,4.13872,6.99275,1.18398,7.03653,0.03276,0.71332,8.97919,2.96449,1.33917,10.36604,4.40603,1.35877,-0.27534,0.51899,1.64979,3.67725,-0.42590,-0.66921,1.35153,2.00405,1.24787,10.97989,1.80141,1.39108,1.85352,1.48215,5.54983,2.36162,1.10707,5.06330,0.92432,-0.11459,6.45499,1.94909,0.38250,3.36385,2.24683,5.66813,1.68751,0.78095,3.17698,1.00636,0.88261,1.72989,2.23227,1.03065,5.08842,8.04842,0.10954,0.04954,2.82793,9.17792,3.76344,2.46629,0.82812,4.35887,1.49825,0.28698,8.85243,0.91074,0.79659,0.88436,1.12990,2.29385,4.60042,0.91127,0.14838,1.26779,1.30419,3.61079,2.20523,1.44144,0.07119,0.54493,4.31634,1.24520,mouse_dbs_T96_plate 2,Pass,0.05354,0.06055,
23MFT8:3_D14_2,0.95975,-1.22976,1.42917,1.22913,0.65179,-0.26712,0.58353,0.34317,0.78941,2.37694,4.69110,0.69199,6.87552,2.93637,1.91941,0.77621,3.20823,4.83592,0.88540,3.04795,5.35245,0.86326,8.49138,2.45772,0.80095,4.67408,3.11701,1.57247,-0.32008,0.39617,0.75580,2.48132,-0.51771,0.17682,0.65929,1.88655,0.16610,6.54749,1.19750,1.00125,1.90248,0.86018,4.74706,1.48573,1.09221,2.16143,0.65426,0.36447,2.11344,0.98897,0.76014,1.49224,2.28234,1.63951,1.84850,0.70324,2.47737,0.69693,1.06064,1.51107,0.68737,0.50092,1.95454,7.08309,-0.71181,0.33085,1.16879,8.90463,3.23713,2.31151,0.68055,5.55388,1.26470,0.30429,7.44355,1.27137,0.84977,1.49374,0.34225,0.93859,3.78759,0.03519,-0.18614,1.44601,0.94644,3.41287,1.22255,1.31723,0.23939,0.32135,2.63514,0.84232,mouse_dbs_T96_plate 2,Pass,0.03925,0.08433,
23MFT8:2-Day_14,2.51325,0.30091,1.32521,0.56796,0.69022,0.14190,0.71806,1.23488,1.00848,2.39656,6.11332,1.58304,8.87365,3.47009,2.33234,0.06885,3.55811,6.44826,0.89455,5.92514,0.04330,0.41311,8.56388,2.58067,1.06208,10.08974,3.96514,1.11500,-0.24509,0.21417,1.53339,3.26278,-0.72817,-0.56858,1.52017,1.68127,0.44714,8.44083,1.89578,1.14737,2.12023,0.90851,5.34129,2.76984,1.04123,5.46550,0.87369,-0.00620,8.39794,0.94196,-0.42638,3.50128,2.28110,5.63583,1.32090,0.36989,2.50122,1.00736,0.79780,1.29182,1.73504,0.81251,1.95464,7.47887,0.19635,0.01981,3.36504,9.05815,3.55402,2.04642,0.37457,4.96092,1.17474,0.07625,8.60046,0.91970,0.61217,1.07153,0.76855,1.39210,4.14055,0.36895,-0.33496,1.17427,0.12607,4.46939,3.18196,1.12026,0.19934,0.22310,4.68189,1.17876,mouse_dbs_T96_plate 2,Pass,0.03247,-0.07107,
23MFT7:1-Day_0,1.23902,-0.67915,1.52789,0.26190,0.52248,-0.17024,0.00978,1.71870,0.88767,3.23932,7.57546,0.84398,8.40409,3.10273,2.28821,0.06026,4.54159,5.97550,1.33413,5.57557,-0.02909,0.07767,9.04923,2.77452,0.91746,8.90092,4.21267,1.51678,-0.61175,0.53370,0.51175,3.99968,-0.35099,-0.28383,1.51492,1.72331,0.50749,7.16006,1.35066,0.72897,3.50536,0.86337,5.69499,2.25137,1.18577,5.77249,0.09912,0.94154,4.14207,1.60611,0.31856,3.74556,2.30404,6.41586,0.95506,-0.34335,3.16222,0.94426,1.44438,1.50182,1.20714,0.57610,2.77190,8.17296,-0.22510,0.17593,1.71058,9.13426,3.85987,2.36253,0.68267,5.88362,1.09932,0.36697,8.09667,1.98513,0.61613,0.89248,0.61745,1.34022,5.00333,-0.53375,-0.48852,1.07026,1.32496,3.33468,3.45200,1.88790,0.05399,0.37787,5.23651,0.37746,mouse_dbs_T96_plate 2,Pass,-0.01460,-0.02099,
23MFT7:2-Day_0_B,1.31890,0.31198,1.52993,0.44170,0.29042,0.30445,0.46665,1.36264,0.98748,2.91352,7.27925,0.97294,8.46836,3.20266,2.50964,-0.04861,4.27876,5.92230,0.83759,5.24873,-0.19693,0.81543,9.18588,2.73929,1.14087,9.08037,4.09588,1.68026,-0.42680,0.24338,1.31189,3.66515,-0.47893,0.02797,1.26244,1.82032,0.53222,7.11523,1.22462,0.65123,2.09716,0.69751,5.59551,2.23491,0.92170,5.26567,0.45451,0.24963,4.09708,1.10062,0.03690,3.70407,2.28228,6.20504,0.94505,-0.11010,2.97005,1.05646,1.14273,1.58069,1.01651,0.51563,3.01328,8.19228,-0.69626,0.12809,1.90226,9.10083,3.94925,2.55769,0.85541,5.47624,1.16379,0.45607,8.02402,1.63056,0.78062,1.07626,0.33387,1.39511,4.66269,-0.70727,-0.15096,1.18601,0.82384,3.48102,2.97763,1.56675,0.50557,0.29180,4.62516,0.69709,mouse_dbs_T96_plate 2,Pass,0.03487,0.06486,
23MFT8:5-Day_5,1.52516,0.86304,1.65685,0.32421,0.53282,0.23485,1.14885,1.04181,1.71116,2.48559,6.57578,1.90903,8.35201,3.21123,3.64888,0.46800,3.42564,5.98729,1.34136,4.98767,0.50821,0.77293,8.99479,1.95367,0.95186,7.61945,4.23522,1.68237,0.17907,0.73259,1.12079,3.30288,0.12946,0.57157,1.34644,2.26121,0.80476,11.84608,1.50910,1.30653,2.49107,1.05024,5.41677,2.41395,1.05034,4.58312,0.37813,-0.23248,6.93286,1.49024,-0.23196,3.27052,2.02440,5.74045,1.76758,0.74063,3.07500,1.33358,1.21052,1.57125,2.13798,1.34984,4.86853,7.81329,-0.16646,0.10350,2.59171,8.99236,3.52635,1.98739,0.82444,5.21001,1.01376,0.14418,10.04960,0.13656,0.64609,1.37432,0.58957,1.48410,4.14509,0.85134,0.70055,1.57256,1.06423,4.02272,2.03790,1.58900,0.21435,0.47936,4.32454,1.49810,mouse_dbs_T96_plate 2,Pass,-0.17160,0.10269,
23MFT7:1-Day_5,1.45425,-0.33065,1.49005,0.27543,0.59801,-0.39336,0.06248,1.49482,0.85801,3.00609,7.04626,1.54473,8.35350,2.96709,2.38346,-0.05716,3.97856,5.96246,1.14330,5.08647,0.16208,-0.05260,9.01173,2.64226,1.12695,7.68923,3.84359,1.25086,-0.44194,0.68618,0.59391,3.42252,-0.68814,-0.73611,1.30332,1.83163,0.26302,7.32756,1.17614,1.32049,1.83224,0.70086,5.53098,2.28850,1.28920,5.49936,0.84440,-0.12189,4.61787,1.70466,-0.20193,3.28575,1.96201,5.88927,1.16493,0.61775,2.97738,0.65199,1.08336,1.64044,0.72829,0.46699,2.80783,8.04434,0.24412,0.03951,2.47389,9.03333,3.60896,2.14963,0.64607,5.32284,1.26836,0.02031,7.39040,0.74751,0.65471,0.95970,0.90119,1.23961,4.36338,1.05608,-0.42639,1.33890,0.72514,3.42582,3.07442,1.57076,0.38756,0.41413,4.47055,0.75233,mouse_dbs_T96_plate 2,Pass,0.00770,-0.05939,
23MFT7:5-Day_7,1.16078,-0.05789,1.06446,0.13985,0.02118,0.15004,0.21377,0.82192,1.12003,2.21688,6.96569,2.06285,8.29918,3.00536,3.45953,-0.12543,3.44383,5.68603,1.11597,5.14270,-0.35440,0.57698,8.89232,1.76002,1.02946,6.88949,3.94697,1.31551,-0.35542,0.58267,0.40234,3.41182,-0.49350,-0.11743,1.30293,1.62757,0.16113,11.29655,1.16959,1.34011,1.76065,0.77891,5.45507,2.17708,1.04137,4.79816,0.87583,0.57522,7.13260,1.54328,0.25857,3.51823,1.75269,5.60385,1.30432,0.29486,2.53080,0.79659,0.45623,1.39844,1.72984,0.93757,6.14778,7.70831,-0.18976,0.38188,3.25418,8.98964,3.57233,1.74270,0.28648,4.81729,1.24841,0.10617,9.37468,0.74335,0.58266,0.92587,0.15494,0.82169,4.13623,0.62876,-0.82754,1.15592,0.77713,4.14547,2.31084,1.25161,0.09481,0.27034,3.92828,0.17695,mouse_dbs_T96_plate 2,Pass,-0.07430,-0.04152,
23MFT7:1-Day_4,1.81547,0.40658,1.63959,0.24682,0.62234,0.83406,0.32859,1.70643,0.99304,3.70417,7.38217,2.75226,8.78502,3.38979,2.48452,-0.05796,4.14675,6.29489,0.69029,6.02297,-0.15325,0.21767,9.10495,3.06886,0.88134,10.06954,4.36074,1.39061,-0.67467,0.67877,0.98755,3.66683,-0.77341,-0.74301,1.59994,1.85509,1.00417,7.94530,1.20393,0.89051,1.79583,1.04314,5.68355,2.60586,1.10175,5.97949,0.75541,0.08717,5.03218,1.81210,-0.43097,3.62112,2.44372,6.42457,1.10383,0.22509,3.27804,1.13923,0.66971,1.55869,1.46650,0.19498,1.89377,8.12548,-0.46975,0.03827,2.95558,9.25829,3.76017,2.32092,0.48730,5.58789,1.30289,0.15645,7.99793,0.92455,0.45459,1.10542,0.38386,1.66595,4.77362,0.34703,-0.25016,1.35841,0.83410,3.60563,3.31915,1.58054,-0.01252,0.46103,5.12890,0.00891,mouse_dbs_T96_plate 2,Pass,0.10510,0.01186,
23MFT7:5-Day_14,1.84091,-0.03291,1.64331,0.23171,0.31302,-0.05496,0.09612,1.33717,0.99769,3.19668,6.97405,1.08819,8.76357,3.42991,2.94869,-0.12209,4.03057,6.28273,0.71761,5.33053,-0.20870,0.53041,8.92799,2.58149,0.90136,9.88871,4.67957,1.17932,-0.58280,0.37416,1.23509,3.55103,-0.69543,-0.54677,1.04521,1.66891,0.93611,7.71003,1.55275,0.94781,1.84609,0.78916,5.48212,2.20476,1.15829,5.16123,0.81392,0.99496,4.77895,1.11396,-0.40832,3.45263,2.14211,6.23154,1.39818,0.28370,2.58897,1.21356,0.67476,1.35588,1.32755,0.48364,2.22031,7.92207,-1.22053,0.36948,1.96030,9.06728,3.69152,2.24810,0.16842,5.52474,1.14981,0.31833,7.68074,0.75174,0.26938,0.95601,0.43444,1.62510,4.30293,0.40821,-0.26104,1.34225,1.11796,4.06004,3.01174,1.23826,-0.08297,0.15687,4.87976,0.53570,mouse_dbs_T96_plate 2,Pass,0.11814,0.04666,
23MFT7:4-Day_0,1.09528,-1.65465,1.65513,0.01110,-0.31398,-0.05029,-0.24896,1.46401,0.93201,2.63365,7.13106,0.84298,8.07680,2.96114,2.46852,-0.37621,4.23063,5.53754,1.28549,5.19757,-0.27525,0.11849,8.88347,2.60420,0.90913,8.53811,3.97614,1.26074,-0.27587,0.43573,0.80051,3.48512,-0.82553,-0.24066,1.34619,1.92886,-0.01705,6.36874,1.21150,0.88470,1.51955,0.98494,5.74090,2.17424,1.32393,5.54665,0.65196,-0.42594,3.28379,1.28302,-0.09675,3.37788,2.22818,5.94612,0.99260,0.77961,3.17373,0.76345,0.95880,1.16744,0.95105,0.30087,1.11290,8.08455,0.36130,0.08181,2.04723,9.13808,3.83616,2.06488,0.39364,5.48222,1.15027,0.31965,7.38704,1.09090,0.65068,0.72368,0.47341,0.52559,4.77976,1.11568,-0.81462,1.29913,0.91625,2.80433,2.72141,1.44018,0.08035,0.43383,5.01454,0.27107,mouse_dbs_T96_plate 2,Pass,0.07267,0.02945,
23MFT7:4-Day_1,1.45658,-0.53820,1.55534,0.60469,1.06964,0.12707,0.31553,1.19342,0.92285,2.92417,6.69524,3.00408,9.01460,3.64776,1.98374,-0.03458,4.23846,6.16286,1.03096,5.64215,-0.49617,-0.26808,8.92630,2.30407,0.87628,9.65410,4.03492,1.16270,-0.65929,0.39757,1.11648,3.29169,-0.64574,0.02225,0.94875,1.80921,0.62836,8.50494,1.46770,0.79548,1.53961,0.92486,5.60832,2.23071,0.73863,5.48310,0.41833,-1.13267,5.62040,1.39057,-0.68214,3.14455,1.97687,5.71255,0.84152,0.36900,3.11091,0.73590,0.70170,1.55385,1.01475,0.27469,1.84850,7.96141,-0.35860,0.05754,3.48049,9.14664,3.74704,2.05148,0.50910,5.05414,1.37195,0.03662,8.60556,1.13700,0.59093,0.88500,1.24856,1.33614,4.66723,0.38523,-0.51931,1.33909,1.11471,4.20937,2.51369,1.41763,0.39168,0.17141,4.68551,0.72458,mouse_dbs_T96_plate 2,Pass,0.09336,0.03017,
23MFT8:5-Day_4_A,2.00371,1.01658,2.23984,0.30333,0.80445,0.69231,0.85313,1.19851,2.06770,2.94008,7.72614,3.01734,8.56388,3.26002,3.79174,-0.01904,4.24071,6.50640,0.81829,6.77269,-0.13108,0.74500,9.14030,2.76713,1.04211,8.93958,4.46472,1.42186,-0.78479,0.43824,1.05412,3.48958,-0.09002,-0.26410,1.82166,1.86732,0.43821,13.49742,1.37803,1.93323,2.29054,0.78090,5.53490,2.65915,1.08743,4.93617,0.50147,0.56991,7.03467,1.38202,-0.01870,3.85497,2.45413,5.90953,1.43490,0.66874,3.28452,1.49656,1.56001,1.66491,3.02726,0.72325,5.48058,8.09834,-0.27812,-0.22697,1.79698,9.13651,3.84463,2.30075,0.58099,5.70304,1.11094,0.13711,11.98555,0.54480,0.53524,1.09778,1.23657,2.14302,4.87550,0.87947,0.24000,1.32223,0.99665,5.43936,2.35005,2.38636,0.22521,0.56946,4.49356,0.53698,mouse_dbs_T96_plate 2,Pass,0.00616,-0.02349,

MaxLOD,1.33355,-0.11209,1.52997,0.93701,1.11188,0.37548,0.50214,0.79316,1.04119,1.25209,1.68202,1.39969,0.92651,3.45646,1.39764,0.10215,1.02131,1.37521,1.31216,1.47109,0.32825,0.66269,1.19886,0.82256,1.68818,3.00064,0.78381,1.52876,-0.27049,0.76587,1.40233,1.45293,-0.52555,0.10802,1.27811,2.02878,0.88340,1.57089,1.50986,1.79432,0.55206,1.24920,0.61979,1.23192,1.60386,2.69826,1.07861,0.88104,1.48472,1.82950,0.90587,-1.80097,0.88670,1.44192,1.15991,0.38953,0.70629,1.48935,-0.49246,1.66840,0.34008,0.86126,2.53496,1.86013,-0.20383,0.61600,1.73979,2.03774,0.72855,0.97778,0.32759,1.56409,1.83250,0.74345,1.95381,0.84459,0.73548,1.57880,0.88476,-0.86470,1.37849,2.28079,-1.07180,2.20740,0.33963,1.54760,1.56254,1.16923,0.43858,0.97235,2.97563,1.27632,
PlateLOD,1.33355,-0.11209,1.52997,0.93701,1.11188,0.37548,0.50214,0.79316,1.04119,1.25209,1.68202,1.39969,0.92651,3.45646,1.39764,0.10215,1.02131,1.37521,1.31216,1.47109,0.32825,0.66269,1.19886,0.82256,1.68818,3.00064,0.78381,1.52876,-0.27049,0.76587,1.40233,1.45293,-0.52555,0.10802,1.27811,2.02878,0.88340,1.57089,1.50986,1.79432,0.55206,1.24920,0.61979,1.23192,1.60386,2.69826,1.07861,0.88104,1.48472,1.82950,0.90587,-1.80097,0.88670,1.44192,1.15991,0.38953,0.70629,1.48935,-0.49246,1.66840,0.34008,0.86126,2.53496,1.86013,-0.20383,0.61600,1.73979,2.03774,0.72855,0.97778,0.32759,1.56409,1.83250,0.74345,1.95381,0.84459,0.73548,1.57880,0.88476,-0.86470,1.37849,2.28079,-1.07180,2.20740,0.33963,1.54760,1.56254,1.16923,0.43858,0.97235,2.97563,1.27632,mouse_dbs_T96_plate 2
Missing Data freq.,24%,22%,19%,94%,94%,66%,46%,9%,56%,0%,0%,54%,0%,44%,0%,62%,0%,0%,86%,0%,62%,47%,0%,0%,97%,0%,0%,58%,59%,82%,76%,2%,48%,78%,26%,70%,71%,0%,58%,99%,0%,78%,0%,1%,98%,3%,90%,92%,0%,80%,94%,0%,0%,1%,24%,41%,2%,83%,0%,69%,0%,62%,37%,0%,54%,99%,9%,0%,0%,0%,11%,0%,94%,98%,0%,14%,73%,93%,73%,0%,0%,100%,0%,98%,8%,0%,8%,10%,79%,97%,3%,90%,
Normalization,IPC Normalized,IPC Normalized,IPC Normalized,IPC Normalized,IPC Normalized,IPC Normalized,IPC Normalized,IPC Normalized,IPC Normalized,IPC Normalized,IPC Normalized,IPC Normalized,IPC Normalized,IPC Normalized,IPC Normalized,IPC Normalized,IPC Normalized,IPC Normalized,IPC Normalized,IPC Normalized,IPC Normalized,IPC Normalized,IPC Normalized,IPC Normalized,IPC Normalized,IPC Normalized,IPC Normalized,IPC Normalized,IPC Normalized,IPC Normalized,IPC Normalized,IPC Normalized,IPC Normalized,IPC Normalized,IPC Normalized,IPC Normalized,IPC Normalized,IPC Normalized,IPC Normalized,IPC Normalized,IPC Normalized,IPC Normalized,IPC Normalized,IPC Normalized,IPC Normalized,IPC Normalized,IPC Normalized,IPC Normalized,IPC Normalized,IPC Normalized,IPC Normalized,IPC Normalized,IPC Normalized,IPC Normalized,IPC Normalized,IPC Normalized,IPC Normalized,IPC Normalized,IPC Normalized,IPC Normalized,IPC Normalized,IPC Normalized,IPC Normalized,IPC Normalized,IPC Normalized,IPC Normalized,IPC Normalized,IPC Normalized,IPC Normalized,IPC Normalized,IPC Normalized,IPC Normalized,IPC Normalized,IPC Normalized,IPC Normalized,IPC Normalized,IPC Normalized,IPC Normalized,IPC Normalized,IPC Normalized,IPC Normalized,IPC Normalized,IPC Normalized,IPC Normalized,IPC Normalized,IPC Normalized,IPC Normalized,IPC Normalized,IPC Normalized,IPC Normalized,IPC Normalized,IPC Normalized,