sampleID,Clmp,Matn2,Cpe,Gcg,Gdnf,Yes1,Il17a,Foxo1,Tnfrsf11b,Tgfb1,Pla2g4a,Il6,Prdx5,Tgfa,Ccl5,Epo,Axin1,Fst,Rgma,Nadk,Tnni3,Notch3,Snap29,Cntn1,Clstn2,S100a4,Ca13,Mia,Cant1,Kitlg,Gfra1,Ppp1r2,Adam23,Itgb6,Cyr61,Dlk1,Ahr,Ccl2,Eno2,Plin1,Wfikkn2,Flrt2,Qdpr,Fas,Erbb4,Riox2,Plxna4,Epcam,Ccl3,Crim1,Vsig2,Hgf,Sez6l2,Il1a,Il23r,Dll1,Ddah1,Il10,Tnfrsf12a,Acvrl1,Lgmn,Csf2,Cxcl9,Map2k6,Itgb1bp2,Il17f,Il1b,Casp3,Apbb1ip,Wisp1,Cdh6,Pdgfb,Igsf3,Tgfbr3,Cxcl1,Pak4,Cntn4,Ghrl,Lpl,Fstl3,Dctn2,Il5,Eda2r,Ntf3,Tnfsf12,Ccl20,Fli1,Tpp1,Tnr,Vegfd,Parp1,Tnf
23MFT8:2-Day_3,1.764367281,1.225012118,2.250869516,0.339813671,0.551190509,0.237569549,0.880249628,0.719918097,1.618845945,2.454995686,6.475481513,2.027258467,8.488783147,3.281967873,3.128283078,-0.120304723,3.689375053,6.220317512,1.197006069,5.924326728,0.640300259,0.855989354,8.944733684,2.613309653,0.841120863,9.554110034,4.029373214,1.650031054,0.062216789,0.770669291,1.29073161,3.293151892,-0.155437223,0.46760824,1.607255107,2.045324843,0.534160513,13.25305648,1.577517726,1.146832455,2.180994343,1.058590277,5.520033909,2.216462738,0.935426926,4.076262458,0.50037924,-0.314167358,6.903325501,1.847107152,-0.253514158,3.440060786,1.971090116,5.229301176,1.338979116,0.725693303,2.989951672,1.558128173,0.997697679,1.336313372,2.30942005,1.144856888,4.828867018,7.80440685,-0.608095155,0.180911778,2.089133058,9.073678139,3.512337728,2.133165864,0.735304904,4.508887734,1.271923623,0.359466627,10.94685899,1.070151505,0.684607615,0.873676978,0.998605973,2.234060692,4.275688589,1.004481232,-0.088802681,1.219643984,1.134060898,3.978691284,1.712318621,1.584916266,0.053882955,0.77147622,4.208529781,0.98711473
23MFT8:4-Day_7,1.47955091,1.407588787,1.921191229,0.30151221,0.940495295,0.423920083,0.949159485,1.272123388,0.907042958,2.229187494,5.855090284,1.725799667,9.154495388,4.151319899,2.423691825,0.275970282,3.949941648,6.178471027,0.975887933,6.362699359,0.296183273,0.79014392,8.757070521,2.46453165,0.909095361,10.39791321,4.480773114,1.628718597,-0.543997917,0.532689444,1.114389863,3.282515483,-0.462354527,-0.260841163,1.295682377,1.919622891,1.289457114,7.410509637,1.716083783,1.181850727,1.416374351,2.356506071,5.215004752,2.381663155,1.106903083,5.149453828,0.790269474,0.848189744,5.729291117,1.734166699,0.13730593,3.857336601,1.924705817,6.062096736,1.847818879,0.871513041,3.051808875,0.718594843,0.889044713,1.573329213,1.678114003,1.051886163,2.49321577,7.793086477,0.001498907,0.225802151,3.268365788,8.951189638,3.472286183,2.215696536,0.620824412,3.976778909,1.189542198,0.287710033,8.050918675,1.488314067,0.525199004,0.63552202,0.970563214,1.883059706,4.570738898,1.189737867,0.461268882,1.159387516,1.556588403,4.085225216,2.559855021,1.249320616,0.301070366,0.206413188,4.843154122,1.270334931
23MFT8:2-Day_5,2.259193268,1.030220679,1.541903439,0.340368697,0.571659305,0.188061069,1.004408393,1.106738699,1.28546237,2.862249903,6.092893387,2.466755389,8.634564719,3.457777017,3.327804045,0.312615314,3.125930903,5.962717074,1.070318536,5.738021761,0.948097561,1.025891352,8.682715713,1.926380243,1.185079728,9.716490545,3.816172032,1.63198172,-0.56172177,0.637022216,1.594993637,3.149796366,-0.066235768,-0.424577589,1.470367291,2.12246228,0.532879493,11.47355463,1.414341348,1.442289669,2.615237016,0.97069101,5.13597349,2.61518956,1.005943121,4.693683875,0.388964272,-0.240216619,6.774651662,1.316221932,0.092925261,3.167783407,1.942978979,5.236365398,1.504404037,0.904438255,2.867011933,1.309638611,1.326920173,1.503593863,1.974856676,1.11087301,5.4005734,7.325025828,-0.018692437,0.191268359,2.992449259,8.900536826,3.254199736,2.493658701,0.590584226,4.390181406,0.990084283,0.319269792,8.953029725,0.943196459,0.512554861,1.302818658,0.709505694,2.329253233,3.875787216,0.174560905,0.774217303,1.362104755,0.618720043,4.192130813,2.560530082,1.285992698,0.272011239,0.529847729,4.29554854,1.161898952
23MFT8:3-Day_1,2.358795181,1.74248978,1.70034784,0.165542958,0.710263811,0.433606154,0.636903139,1.26262347,1.052824226,2.616991123,6.960971609,1.700327191,8.987566534,4.064681349,2.58694364,-0.128119689,4.040663275,6.399645262,1.244012011,6.45633548,0.021792275,1.04566708,8.852750535,2.654905102,0.919133772,10.31075974,4.178826895,1.657111162,-0.230148503,0.669743445,1.234040524,3.345896971,-0.271002671,-0.070759582,1.268966997,2.058293202,0.946868047,8.077136108,1.540277528,1.168866282,3.659246838,1.191593986,5.477912129,2.399253602,0.860498282,5.361151726,0.67971012,0.13198673,5.518385267,1.088599304,0.238749504,3.624103079,2.045053083,5.760305948,1.828194013,0.772468881,3.167157368,1.499028893,1.307670985,1.692224059,1.407307392,0.751997902,2.70180706,7.991049107,-0.069049855,0.440489284,3.357358766,9.076460554,3.564488204,2.551669259,0.679279804,5.509788,1.162166807,0.377271455,7.861023234,1.465258785,0.738545691,1.033599499,0.4353844,2.379472534,4.53835097,0.013000171,0.168884591,1.514653013,1.709887282,4.102285745,2.541278802,1.534407286,0.748228734,0.340074162,4.586022406,0.632076715
23MFT7:2-Day_1,1.545440746,-0.431345061,1.980840639,-0.444217116,0.870056886,0.070156815,1.056444696,1.278355764,1.051052237,2.779536719,7.295878771,1.247022426,8.563644543,3.38279941,2.334972615,-0.044406337,4.297451748,5.792992998,1.298249695,5.957511112,0.965176351,1.198923808,8.964148403,2.749231952,1.32228789,8.471765546,4.01014754,1.875162533,-0.079535773,0.939426206,1.160190579,3.606734609,-0.125530064,0.810929365,1.223149023,2.003979513,0.582647153,7.789153537,1.377791673,1.43153424,1.995404499,0.844203235,5.576275644,2.228495482,1.329333175,5.735225076,0.97827071,-0.151906273,5.500159551,1.424052419,0.651402534,3.698806566,2.445904685,5.822776792,1.667957975,0.836261151,2.832195444,1.52456861,1.279236828,1.747752577,1.100958057,1.352328549,2.816945558,8.001277534,0.334158983,0.338078411,3.534575341,9.108172113,3.656082924,2.180036889,0.711483593,5.542347602,1.605352556,0.256260553,8.09990026,1.890815372,0.79109431,0.985066388,0.877281928,1.174542275,4.852127785,1.254143899,-0.560107306,1.659238244,-0.063598561,3.923294097,2.937896063,1.988473506,0.332399356,0.90176319,4.850417151,1.332135154
23MFT8:2-Day_7,2.638730885,0.330480617,1.498040941,-0.364284921,0.521994802,0.040462669,0.891113776,1.35099988,1.054562197,3.359322327,6.937936239,1.329923676,8.945241224,3.382871258,3.49875,-0.134563725,3.864310719,6.699815145,0.907711466,6.52960533,0.779157972,1.027849902,8.709235067,2.174873261,1.190429823,9.61015931,4.326148876,1.601556129,-0.627426117,0.714306519,0.984732872,3.107143228,-0.367136839,0.257049048,1.757251456,2.177172582,0.237009648,9.717688829,1.89628976,0.906485648,2.223749839,0.718911271,5.258489789,2.928289232,0.956652143,6.004705508,0.642283427,0.116709069,7.41025652,1.584027531,-0.08564091,4.161568311,2.017112085,5.501447914,1.700849567,1.097258119,2.825004408,1.191004662,1.415649016,1.626087769,1.875792772,0.863295296,4.403492627,7.515910091,-0.101368009,0.175075794,3.219753068,8.919977352,3.427880869,2.397853685,0.377006233,5.248203223,1.183694663,0.179814156,8.39986499,1.637607942,0.5308762,1.335562288,0.66309299,2.190192232,4.139720772,0.896646396,0.461765015,1.237208651,1.926048618,5.125103178,3.477282938,1.268636845,0.187211669,0.353300607,5.345102386,0.825767791
23MFT7:2-Day_14,1.627707782,-0.231652324,1.439326009,0.663725414,0.24539367,0.453125601,0.697070071,1.245675586,0.664286209,1.927918742,6.957486174,0.93641067,8.843065353,3.372649342,1.974673957,-0.352193439,3.979812202,6.053357992,1.083953235,5.485303892,0.578937377,0.861822555,8.941025765,2.300097869,0.829634406,10.17880046,4.822075258,1.578094575,-0.278261333,0.74025601,1.188570442,3.675223746,-0.649724662,-0.146376144,0.806778866,1.680222792,0.891722074,7.082885609,1.773015507,0.670471396,2.926804887,1.143896002,5.423723294,1.95601081,0.823753891,4.754911064,0.834534367,-0.697232764,4.128862387,1.760328411,-0.072059131,3.055721906,2.025607189,6.266875642,1.466082481,0.588114432,3.258405187,1.296139718,0.857085595,1.651889399,1.142839463,0.951535069,2.738187503,8.00254965,-0.395841461,0.173466838,2.280956619,9.125155055,3.652508359,2.078534768,0.705660189,4.951917608,1.256902186,0.385193989,7.704093917,1.167265495,0.61643139,0.75480766,0.842182954,1.410019403,4.496452148,1.001468501,-0.335664926,1.347647615,1.190422891,3.561805193,2.326512325,1.548034764,0.118090929,0.470405125,4.269836536,0.735953251
23MFT8:5-Day_7,2.270058557,0.92172391,1.469028006,0.729895764,0.328371529,0.612335283,0.814231423,1.401881827,1.013101001,2.621327508,7.050171175,0.809505046,8.535549614,3.4813591,2.802659317,0.273907118,3.604047847,6.21239303,1.267528234,5.601512173,0.48267014,0.651829774,8.964365778,1.846878498,0.892071871,9.455554799,4.278523835,1.411090399,-0.253834048,0.531522762,0.912041267,3.27885673,0.03144026,0.39790602,1.765810967,2.048599676,0.618317403,9.057693338,1.413435347,0.886416963,1.907113643,0.718933854,5.286601579,2.455843103,0.94931101,5.512028037,0.927455815,0.31546065,5.978392253,1.835320905,0.738430197,4.153573384,1.950841087,5.447041532,1.889849196,0.758312191,2.740389652,1.483143858,1.542272373,1.577980747,1.693250051,1.015442395,4.330515479,7.669884287,0.13978588,0.3482629,2.364807071,8.973827475,3.444644541,2.477012921,0.298668254,4.886326608,1.149599912,0.204531539,7.960147378,1.376098863,0.723695716,1.478486956,0.387399424,1.904197132,4.214461435,0.780089994,0.694639866,1.432630505,1.030548687,4.550733171,2.816957634,1.228274005,0.105424262,0.730058303,4.528403875,1.209164682
23MFT8:5-Day_4,1.739206302,1.640362983,2.163225877,0.419963773,0.423047063,0.30285716,0.473473066,0.97349671,2.092863539,2.900891487,7.575173341,2.99932751,8.472579047,3.237281492,3.754752143,-0.220125855,4.178440039,6.437438611,0.928465316,6.599226938,0.070270758,0.737251146,9.269739793,2.5903627,0.97386531,8.711372957,4.354099629,1.458512596,-0.142313756,0.3726867,1.46042986,3.57614853,-0.742774157,-0.182788798,1.940358676,1.974880155,0.560687352,13.42091233,1.474429088,1.006575079,2.348543281,0.937798378,5.497257113,2.436132787,0.945378439,4.985672274,0.601329195,-0.141768064,6.947059763,1.543015864,-0.932847226,3.718358116,2.232660569,5.698795411,1.087677739,0.904484279,3.088812351,0.676342021,1.128531806,1.450968917,2.880699445,0.476552099,5.134570272,7.975296105,-0.885470951,-0.112951271,1.983004258,9.039924849,3.739528354,2.251448859,0.466838246,5.318161468,1.325003847,0.137148733,11.88606586,1.382484612,0.455225531,1.096180035,0.813313793,1.945568761,4.658869887,0.741865792,0.263994786,1.090161171,1.002374137,5.211921662,2.467691406,2.173076078,0.289691267,0.450704896,4.044586997,0.964956201
23MFT8:3_D14_4,1.337304365,0.66292207,1.513977923,0.852225334,0.229086391,-0.286782445,0.441886993,0.432729687,1.072914444,3.210549234,4.42137464,0.609352099,7.018737816,3.176264096,1.917374888,0.771217025,3.493069775,5.305257186,1.073390132,3.468688314,5.964472444,1.068813029,8.634641326,3.230274984,1.338148136,5.324753546,2.959117468,1.486773805,-0.56222811,0.41016153,0.876303144,2.633930776,-0.38253584,-0.483517462,1.298581369,1.97145493,0.060647013,6.648758116,1.399510354,0.994607514,2.257721406,0.981737038,4.903091713,1.548394412,1.365927134,2.0671153,0.551743502,0.125430962,2.03606925,1.568255994,-0.356475937,2.129379932,2.652285758,1.389470106,1.879051839,0.468729577,2.633336376,1.281029308,1.475393327,1.541041567,0.841101162,0.492478761,2.412498162,6.960772475,-0.028888618,-0.121705155,1.405661535,9.029629731,3.145272369,2.332278164,0.398184105,6.180708231,1.553711647,0.283116403,7.481223894,1.036269374,0.885355278,1.60215977,-0.053240379,1.20569929,4.025275131,0.061752364,0.070402308,1.147412068,0.86804446,3.446929857,1.275656319,1.516962247,0.43922701,0.531556071,2.999766811,0.336670387
23MFT7:2-Day_4,1.4705512,-0.456480533,1.594604353,0.122877689,0.713646888,-0.603541486,1.039677513,1.04904063,1.005909134,2.679920566,7.330615842,2.757592799,8.730263121,3.294239293,2.649130876,0.316036852,4.4202252,6.12908582,1.068126378,5.85952022,-0.110403179,0.593830936,8.975731268,2.712677023,1.321098994,8.060327574,4.091316574,1.35357028,-0.63102884,0.450978039,1.107222982,3.57810436,-0.534317171,-1.053660488,1.31029618,1.810440963,0.316022343,8.594331978,1.196548766,1.275244385,4.015801537,0.961929167,5.556282707,2.291899031,1.156199244,5.387685306,-0.105486185,-0.535394268,6.635712973,1.617620846,0.375851604,3.666147086,2.536693404,6.66476078,0.979237198,0.813133287,2.866696343,0.51257414,1.350018486,1.491949211,1.036346175,0.868344656,2.220095079,8.030892075,-0.696582567,0.146376494,4.182675558,9.027452774,3.711657598,2.200550893,0.759890587,5.585649814,1.477622145,0.292331027,8.64648489,1.888987126,0.544612578,0.622784379,0.186175789,1.337627923,4.710100031,0.544219446,-0.31541072,1.408589984,1.478591634,4.804171281,2.656874165,1.690209535,0.200701631,0.161605276,4.326575464,0.51611937
23MFT7:1-Day_2,1.569048133,0.540648371,1.839866534,0.425848597,0.457668617,0.093300397,-0.149792753,1.491241948,0.906734918,2.533824713,7.47202131,1.373859933,9.030965357,3.895268232,2.614381253,0.013139642,4.786358482,6.323157999,1.022709407,6.150756782,-0.223517653,0.534814648,9.139426908,2.836208086,1.096283319,9.738364922,4.482282915,1.644710992,-0.774230265,0.564023841,1.231110403,3.771752608,-0.335487827,-0.367519988,1.209500427,1.8482629,0.827617486,8.462964628,1.345669364,0.961910705,2.61068222,0.970258373,5.795358831,2.281246511,1.218601673,5.844788185,0.124676763,0.624321148,5.784689537,0.88767683,0.040055729,3.64537218,2.438959246,6.139915656,0.955224612,0.224080589,3.405331267,0.78795137,1.353314579,1.643848388,1.121952183,0.343645434,2.183685729,8.21123555,-0.688965688,0.188133302,3.174441236,9.135336508,3.997214878,2.310900908,0.709758567,5.623517854,1.364047138,0.023688317,7.99625086,1.168762007,0.554861795,0.99991575,0.400410667,2.050650751,4.803013746,0.349347051,-0.392973994,1.089974269,1.001714503,3.787077467,3.105026917,1.612624091,0.160038661,0.048474764,4.679406477,0.419714954
23MFT8:1-Day_7,1.878951137,0.294691255,1.624528633,0.355627115,0.064392196,0.390071149,0.294642137,1.105257533,1.310295315,3.372306947,7.122625976,1.842575013,8.892087472,4.303735229,2.579439729,0.059796499,3.88222657,6.362798963,0.902369003,5.93286222,0.405313066,0.417373675,8.831439984,1.761233703,0.958423474,10.15105682,4.850001287,1.143999794,-0.487192014,0.412483939,1.465532498,3.309333438,-1.67519721,-0.358878241,1.650538129,1.642372269,0.840108246,10.64784183,1.151224749,0.708337748,2.402760657,1.140833724,5.541629505,2.653514307,0.704261401,5.720454542,0.408691013,0.265034988,7.484525196,1.629265936,-0.08356391,3.686045177,1.96829075,6.176459684,1.077622734,0.224697847,2.83507366,0.884791845,0.899822117,1.497993105,1.906068953,0.387401459,5.996579159,7.705557356,-0.284789047,-0.009630091,3.57679356,9.132257489,3.715929427,2.160411761,0.601782926,5.502667344,1.222379339,0.199980154,8.605263912,1.498148732,0.557771145,1.806764993,0.220141904,1.695739135,4.354941245,0.908082986,0.567816837,1.234663459,0.36217318,3.982370131,2.631159861,1.235703866,0.351651152,0.260349343,4.626414966,0.875455668
23MFT8:3-Day_3,1.800466156,0.965064931,1.674498594,0.369850909,0.6685616,-0.26170069,0.368799549,1.272067366,0.810742225,2.40847176,7.10653737,1.927637467,8.534881042,3.692517072,2.242793611,6.53911026981792e-05,4.153277189,6.164420988,1.074829426,5.532757879,-0.18221545,0.345824774,8.98962854,2.627100543,1.039027555,8.671756945,4.237748827,1.437923366,-0.34040006,0.316960223,1.136805886,3.530023261,-0.696928213,-1.297196674,0.988677642,1.87721625,0.292973348,8.380596998,1.364904924,0.608313794,1.732759906,1.172930925,5.538492644,2.372932744,1.457042578,5.628023796,0.455169193,0.160111867,6.301684059,1.382812539,-0.012394202,3.616700526,2.311781876,5.891643382,1.335643752,0.145226264,3.059562314,0.763614775,1.284729397,1.397844375,0.996374887,0.478598411,1.590033763,8.155164944,-1.356807929,0.163068819,3.676772822,9.145201149,3.754655822,2.257244335,0.58940957,5.379449828,1.1839121,0.259833543,7.879214001,1.112505613,0.725147341,1.02447231,0.336126461,2.255404688,4.558436569,0.511671822,0.143119247,1.159197202,0.894183943,3.578927343,2.861668742,0.972259918,-0.125247647,0.568115584,4.518884566,0.555119127
23MFT7:2-Day_3,1.531868214,-0.650625424,1.388638625,0.251551452,0.223566173,0.033157503,-0.127993743,1.412891834,1.022000439,2.714187575,7.360178738,1.180737201,8.441935292,3.143470975,2.489999135,0.451362595,4.526335039,6.161002126,0.886865626,5.781072668,-0.007736961,0.402908864,9.065284851,2.865181907,1.241475189,8.266572408,4.335842186,1.462382626,-0.567636947,0.50235405,0.84233076,3.867840707,-0.754275925,-1.139041079,1.446833992,2.080733966,0.638070671,7.809512755,1.3944276,0.395053873,4.232782356,0.896011088,5.721511849,2.231678389,1.062216352,5.527425568,0.226582022,-0.69315885,4.490078323,1.220249573,-0.262572098,3.745373505,2.665118632,6.155104748,1.237969654,0.249570449,3.129751644,0.863603052,1.335383391,1.619647967,1.195698068,0.256807195,2.388534241,8.187644164,-1.038707213,0.21184027,2.488162044,9.17128756,3.896724347,2.386092796,0.662698556,5.19004188,1.603530434,-0.043146618,7.817003235,1.822286083,0.679711939,0.814801631,0.782739565,1.373113994,4.682797707,0.391539338,-0.260990151,1.064815824,1.089242738,3.141176915,3.06376481,1.904494575,-0.076012448,0.428450029,4.781929155,0.609651694
23MFT7:5-Day_1,1.515016887,0.17733172,1.739113246,0.225508843,0.954197129,-0.409760977,-0.22898638,1.37640848,0.804462102,2.474637389,7.069873067,2.189048377,8.866358058,3.675736905,2.27974065,-0.428667576,4.331372871,6.125562592,0.981508383,5.837917884,-0.074796021,0.440369206,9.103298004,2.430773803,1.278816105,8.838474789,3.918390893,1.416972871,-0.255238554,0.68016012,0.536880337,3.378891638,-0.978932289,-0.828881124,1.437346492,1.7455886,0.568639827,7.911826992,1.457588786,0.815941894,1.550551351,1.052962889,5.724965979,2.284833725,1.240254112,5.916031522,0.957502182,-1.246569131,5.359305339,1.32282465,-0.884669603,3.397615937,2.335987568,5.513368917,1.204186483,0.041112026,3.050475978,0.876345113,0.882705607,1.234743092,0.820508932,0.24000334,1.792182019,8.044424321,-0.598016173,0.188748491,3.476435331,9.2043185,3.818114719,2.124776127,0.698709348,5.152310713,1.203052029,-0.046998513,8.161230125,1.533923511,0.444790883,0.722973202,0.928501996,1.457034183,4.647860565,1.187282583,-0.65389087,1.488887175,0.856286765,3.819167285,3.156543044,1.04965316,0.362098039,0.123223471,4.896305043,0.302995054
23MFT7:2-Day_2,1.278870573,1.099974901,2.219508825,0.43379116,0.222561729,1.390170523,-0.146842394,1.49050429,1.192594353,2.702381369,7.280609504,0.990886721,9.546681042,4.146991842,2.190065118,0.269161158,4.56373693,6.6985761,1.099470245,6.814449662,-0.010015005,0.113371938,9.177739746,2.398478194,1.001720111,10.46195315,4.735908593,1.370773759,-0.384421842,0.164157174,2.011237467,3.637203032,-0.441931538,0.099650526,1.507731257,1.94702772,1.302263962,7.947810403,2.078869717,0.454596828,2.495377864,2.753855221,5.637803711,2.914087529,1.050030423,5.849230911,1.075807506,-0.57584629,4.86270188,1.389859192,-0.269540845,4.52749353,2.217057728,6.699530294,1.211652166,0.512351916,3.100281293,1.016661154,0.983793595,1.64020012,1.800647784,0.303226744,2.265749173,8.05437806,-0.29375957,0.141828988,3.246683623,9.107625375,3.81080782,2.146121404,0.548632274,5.851006403,1.298381581,0.501908011,8.282402901,1.327502294,0.683528566,0.910931651,0.958789883,1.450771512,4.823035687,-0.381900865,0.025762647,1.45098215,1.923014696,3.051075778,3.318522153,1.528510763,0.208722644,0.094974096,5.383245433,0.622663333
23MFT8:4-Day_0,1.7960308,0.970557953,1.811351933,0.598297697,0.458471694,0.559695409,0.614773158,2.011644561,0.722714986,2.7934997,7.645966082,0.625243628,8.481964409,3.478438122,3.098581979,-0.379310123,4.619753877,5.989911541,1.159390841,6.072461332,0.258929945,1.046262788,9.114808367,3.001047013,1.088449167,9.679923098,4.550044548,1.701861575,-0.27809199,0.717094166,0.839530228,3.781199207,-0.091491015,-0.371577682,1.480399753,1.647586328,0.481500859,6.983548253,1.337456686,1.354320796,1.658746608,0.956612012,5.712600219,2.434328471,1.133199972,6.219495376,0.756769492,0.422290452,4.219233622,1.854833861,0.888042413,4.439694693,2.275903485,6.554332963,1.561292961,0.546885659,3.468791108,0.798500618,1.373559796,1.580421414,1.317624757,0.568764164,2.944641854,8.219081362,0.106784968,0.394058976,2.387966351,9.117200498,3.920505618,2.469319213,0.097792627,5.790695462,1.406980329,0.564014433,8.064271018,1.354611,0.809477933,1.205736301,0.411749175,1.922972764,4.775493136,1.034663434,0.120960907,1.161909308,1.554389256,3.75777235,4.111432826,1.537828216,0.398381564,0.396647614,5.544377398,0.672598203
23MFT8:1-Day_5,1.610435366,0.285776354,2.010950589,0.551469722,0.373445871,-0.246061216,0.331819095,0.947843712,1.886743152,3.05529736,7.255678676,2.765496321,8.3870181,3.31365814,3.521050195,-0.015248846,4.05147305,5.969657024,0.973633551,5.602492324,0.306549583,0.402704534,9.07043209,2.278957515,0.923674469,7.708213175,4.491989328,1.4419083,-0.328733849,0.774518769,1.292936462,3.644535754,-0.280942813,-0.04032608,1.738387951,1.744583527,0.40761271,13.50127884,1.309052933,1.648979314,3.717717451,0.918883129,5.665233645,2.35851718,1.071453686,4.989789516,0.846601953,0.565314544,6.082306648,1.280261367,-0.54580619,3.784626621,2.175008732,5.827357709,1.285759551,0.632939194,2.974963644,0.702822454,1.133747167,1.812717958,2.821454972,0.556359874,5.855508305,7.923744194,-0.229076679,0.220719932,2.259208532,9.11545399,3.837649114,2.056651851,0.6332542,5.487954863,1.227320359,0.35259631,11.44915105,1.016854657,0.554752819,1.336639546,0.795086902,1.415434764,4.60356876,0.311305512,0.20666869,1.172834314,0.440511588,3.885057008,2.154608087,2.190328196,0.242751461,0.427512444,4.573506155,0.607469156
23MFT7:4-Day_7,1.520799268,-0.223407249,1.467119488,0.6264065,0.481137117,0.077666058,0.582994464,1.460118763,1.128592572,3.614832863,7.748142908,1.017526573,8.626860779,3.25656757,2.900600319,-0.285432178,4.17733584,6.453345351,0.877573877,6.057821575,0.261072564,0.483920931,8.924737957,2.140902983,0.747500102,8.476399051,4.613014065,1.25782287,-0.428940502,0.679560065,1.09834055,3.537954232,-0.709074587,-0.719075414,1.727854912,1.727378212,0.563535223,9.260590568,1.164386131,0.062606872,2.51625005,0.750900315,5.697850032,2.70904156,0.747531152,5.995877363,0.736433061,0.090222889,5.587779347,1.665400006,-0.432193498,4.08579954,2.079971469,5.997172095,1.318926375,0.384404284,3.187404448,0.684872795,0.761135614,1.354157136,1.477301333,0.697432081,4.115771227,7.956968457,-0.355906974,0.278816505,2.469723481,9.201421583,3.848839932,2.046795151,0.75499496,5.719270388,1.595573651,0.034293418,8.479118644,1.27713348,0.751423957,0.836036573,0.725038155,0.988869666,4.330660718,0.291209219,-0.016977741,1.312619483,1.192099481,4.680458174,3.105044306,1.584644321,-0.045564362,-0.018692129,4.904142888,0.249640233
23MFT8:1-Day_14,2.534097184,0.468981432,1.774854772,0.524194154,0.839603011,0.807959857,0.562711251,1.734293792,0.993323668,3.019831555,6.466718691,0.825402823,9.397090972,4.268789268,2.730952212,-0.322444054,3.694675445,6.750361185,1.129825937,6.463334005,-0.385421107,0.254562887,8.540420157,2.19797571,1.327661172,10.36810917,4.683885535,1.243947694,-0.427273642,0.601395614,1.476145926,3.282406277,-0.896082998,-0.654911338,1.258377768,2.071964113,1.299704664,8.111405668,1.942734025,0.543755818,2.316626617,1.338295584,5.394181571,2.726522656,0.80339064,5.34683234,0.818495108,-0.179748014,4.62503017,1.480201778,0.483346645,3.562075884,2.234549173,5.453586962,1.647719812,0.055083144,2.89221274,1.096998304,1.338592002,1.611708277,1.797695726,0.221531286,2.285355616,7.650781517,-0.706982042,0.167282355,2.913484552,8.908267693,3.614020277,2.570538979,0.274125725,4.99369432,1.40599974,0.577687193,8.132554174,0.991160669,0.728674199,2.422368588,0.288706687,2.068048577,4.049327715,1.02835519,0.82575076,1.356305642,1.093513757,4.740692827,3.686831758,1.24746597,0.433483646,0.451687279,5.204080691,0.859225826
23MFT8:3-Day_7,2.366049948,1.126162357,1.598486691,0.400652818,0.705873622,-0.07318499,0.215274947,1.359320727,1.117119147,2.791685424,6.951290316,1.906904037,8.741392808,3.65972728,2.710527895,0.271220764,3.965242406,6.286567935,0.405408769,5.997945339,-0.482095426,1.037616873,8.835918132,2.854647914,1.315992389,10.30823028,4.056020782,1.356144552,-0.838358663,0.257750501,1.161279671,3.334313455,-0.738511206,-0.732142087,1.17216418,1.751067265,0.960134778,7.492514079,1.584432605,0.280500059,1.897967272,1.018406035,5.439400248,2.492825526,0.847403676,5.766428126,-0.304377213,0.832291889,5.343713042,1.324072765,-0.372171628,3.974763754,2.430736453,5.797302199,1.514873102,-0.511202904,3.302048844,0.508971495,1.335713136,1.343095515,1.312410413,0.390476566,2.343904076,8.061107145,-0.438017939,-0.000151782,3.14135122,9.082365011,3.696366798,2.905521716,0.401451215,5.510753232,1.129275104,0.300605878,8.432943152,1.551234865,0.395949687,1.095389779,0.542769597,2.558727553,4.334372693,-0.234551485,0.728332769,1.234700104,1.379400376,4.071157017,3.058068271,1.399004273,0.120716963,0.430969703,4.68725848,0.018906169
23MFT7:5-Day_4,0.98362135,-1.199687493,1.328845789,0.028530719,0.3163169,-0.153378474,0.553501815,0.95550987,1.044667081,3.257112919,7.423738173,1.145711962,8.397940742,2.979362904,2.880208398,-0.186848493,4.106840125,5.893252513,0.804507114,5.775836723,0.171980011,0.956798147,9.011980914,2.435477151,0.746875748,7.516090036,4.02525527,1.371543467,-0.385175884,0.706821838,0.797879519,3.513912729,-0.784582973,-0.57335324,1.626197559,1.770001195,0.356946266,10.02978925,1.464943052,1.33613044,1.923918286,0.951101009,5.748907408,2.26209397,1.054557524,4.89530612,0.617774008,0.576563596,5.092405692,1.235310694,-0.388568805,3.665787094,2.075834638,5.811790384,1.0418631,0.327961,3.068163888,0.917135913,0.91459468,1.380117827,1.412282957,0.595549495,4.287797559,8.037701167,-0.973724104,0.142037806,2.397179949,9.252851574,3.834377549,2.055452819,0.524756292,5.379907399,1.009614761,0.499169898,8.808518998,0.665949843,0.346901468,0.77834174,0.563090119,0.670064074,4.559129962,0.377895687,-0.715806434,1.179258436,1.359468297,2.991120977,2.369594657,1.808571652,0.276298514,0.506317523,4.198461938,0.777677872
23MFT8:3-Day_5,2.37218885,1.722928299,1.705495683,-0.328774499,0.694023074,-0.178325052,0.789635717,1.421965177,1.064663326,3.821730299,7.279614156,1.368138254,8.522081409,3.613938464,2.612954654,-0.340413334,4.054529822,6.470691165,1.104491591,5.689860132,0.156338294,1.26228999,8.979436523,3.069163913,1.25044169,9.964671721,3.931149784,1.61109712,-0.034131215,0.581268133,1.492501522,3.550909215,-0.352419305,-0.431533269,1.459454858,2.079377643,0.523654351,8.290696454,1.363274628,0.423360391,2.089780628,1.17369818,5.347278036,2.442871822,1.016261916,5.357789913,0.867657678,-0.223306454,4.939422564,1.621242681,-0.296191246,3.438237729,2.201327496,5.994393353,1.673953921,0.566307818,3.168661404,0.879576255,1.345557149,1.257995257,1.393173794,0.914754668,2.733272583,8.00542811,0.117285049,0.213742939,2.450606374,9.08404203,3.544930378,2.726538395,0.96527686,5.760886794,1.640914104,0.217740222,7.903242027,1.470456952,0.736065437,1.162351869,0.842687394,2.744651879,4.520024824,0.68072898,0.75559001,1.273248468,1.363775919,3.75323569,2.889074755,1.40351337,0.131504507,0.12416811,4.910191855,0.595337938
23MFT8:1-Day_0,1.826959409,1.033316318,1.883487984,-0.517328476,0.265311527,0.381707655,0.531075856,1.68845356,0.985938628,3.374495538,7.603227663,1.017528804,8.376747679,3.64612257,2.773609102,0.149032609,4.123129869,6.283325884,0.968615647,5.487086211,0.044126991,0.691259914,9.25394282,2.933471667,0.93900304,9.870067916,4.149942209,1.313745076,-0.595698503,0.636557205,1.295030393,3.776343957,-1.0496499,-1.30496889,1.687771286,1.65302029,0.603444902,6.745595758,1.219046454,1.087102384,1.857988524,0.72517312,5.712877688,2.414668976,0.987797859,5.95740492,0.44975271,0.39624596,3.965696417,1.52003875,-0.429523165,3.878866122,2.14952853,6.322238941,1.242045309,0.204651957,3.086972232,1.131817357,1.032399787,1.749881218,0.969027809,0.402026763,2.176296504,8.252310695,-0.251015924,0.120197588,1.695121829,9.167312362,3.898584068,2.668165462,0.762370845,5.582540917,1.363988151,0.313598627,7.592994914,1.14859941,0.604232118,0.969950155,1.173973904,2.162833453,4.599767975,0.724508466,0.121700743,1.183578831,1.238317513,3.390023698,3.608408183,1.503267466,0.054707187,0.657370155,5.045557109,0.605481421
23MFT8:2-Day_0,1.68526204,0.201952667,1.90825295,0.211260603,0.076698094,0.214384046,0.819710055,1.640738587,0.996029562,2.412303533,7.197869243,1.047002233,8.236833239,3.551862497,2.56588523,0.190077399,4.250489718,6.141401035,0.977271385,5.005186945,0.280105481,1.028109829,9.036147494,2.708062446,1.111780393,9.119711457,4.228033698,1.621387899,-0.618662274,0.516957822,1.003304287,3.724638447,-0.275737643,-0.054424169,1.246094886,1.805476531,0.606857126,6.922599683,1.552625576,0.810354121,1.775588281,0.936504776,5.693014588,2.116031708,1.009197671,5.577954514,0.864234592,-0.17392895,3.770650996,1.662428865,-0.350181094,3.348124448,2.304733531,5.857721203,1.641925737,0.636228933,3.101011131,1.252333886,0.989034474,1.593168039,1.06012191,0.75266335,2.768488397,8.152484508,0.280428789,0.208574822,1.795093099,9.050373884,3.87959764,2.634636392,0.620097249,5.075569643,1.420222003,0.279988739,7.591146362,1.358339629,0.657741689,0.723662185,0.753127402,1.715175534,4.636739612,0.270602681,-0.569030407,1.427784433,0.855636074,3.2119647,3.356409101,1.217724569,0.197733017,0.378087692,4.808320332,0.262518648
23MFT8:3-Day_0,2.052681493,1.078912529,1.851247933,0.31003009,0.731198956,0.372700041,0.294565455,1.747876998,0.943568213,2.721323198,7.580662121,0.947612524,8.36007651,3.625868976,2.635893594,0.260933581,4.390423858,6.062569795,1.075392759,5.686195955,-0.083558714,0.332571662,9.059242514,2.84820816,1.103946181,9.869945108,4.091670695,1.571399129,-0.3981865,0.567384398,1.002496223,3.712686995,-0.513610239,-0.866377985,1.265639456,1.925364935,0.84523378,6.969803514,1.429289162,1.412311991,3.967937225,0.961472284,5.757357686,2.259560837,1.211870218,5.806631455,0.919232305,-0.374265592,4.38054132,1.498361132,-0.854542634,3.946273141,2.548595534,6.170512414,1.573503911,0.153719473,3.096053881,0.987977621,1.212688467,1.219282065,1.177361948,0.29964138,1.919364319,8.192955032,-1.205941296,0.103186943,2.213008059,9.174652541,3.836328063,2.779220429,0.861268674,5.485870223,1.331236024,0.417844687,8.0768908,1.612883926,0.664348049,1.0100909,1.026671674,2.023315206,4.758568166,0.389439063,0.102062869,1.346196887,1.348188667,3.661413363,3.391684681,1.482397162,0.29062813,0.350072008,4.737430496,0.490871348
23MFT7:5-Day_9,1.244888303,0.321558248,1.693658862,0.085671959,0.035230181,-0.204090871,0.130046183,1.322570765,0.92158457,2.327292064,7.254740633,0.95453024,8.286099965,2.994257727,2.410479068,0.033696185,4.066994214,6.072287577,1.153557468,5.622956905,-0.045932425,0.398814108,8.880533926,2.060698008,1.168080109,9.186699999,4.314566784,1.3471933,-0.521024103,0.728676254,1.125397735,3.439576682,-0.393296376,-0.158655958,1.52854704,1.933173702,0.826806409,8.495602704,1.345185568,0.98833078,1.915733003,0.999349568,5.363611766,2.170887494,1.113709308,5.512146264,0.877175796,0.615663889,4.622211504,1.814028785,-0.175682901,3.562549267,2.156822468,5.771208232,1.061358385,-0.090809647,2.780219351,0.788587319,0.630293229,1.328443494,1.229099623,0.572044816,3.185556826,7.728392196,-0.723319657,0.172808764,2.218408048,9.033379622,3.748877677,2.063875023,0.582899151,5.13180328,1.427241023,0.244234628,7.7982943,1.495064443,0.591420384,0.864616603,0.855729038,1.136596054,4.379755602,1.306565423,-0.715278671,1.231032558,0.410554157,3.128474634,2.941694205,1.211512567,0.336047528,0.249893134,4.327870212,0.457562763
23MFT7:2-Day_9,1.622375511,0.178385963,1.656679685,0.843580724,0.749570357,0.452680764,1.1483414,1.927631214,0.93402094,2.326870719,7.141372116,1.095183567,8.425727735,3.730220581,2.651251196,0.045480789,4.533859909,5.850316078,1.201849861,5.592700053,0.640522982,1.331163161,8.822251969,3.082513063,1.237540673,9.583422787,4.561078956,1.833078441,0.276593974,1.271185357,1.368548809,3.753033754,0.136284502,0.534978804,1.583784105,2.099658836,1.114507591,7.1745411,1.514487418,0.773112196,1.828005438,1.007478516,5.540133444,2.010651463,1.265864432,5.855516467,1.326257835,0.279306744,4.248056346,2.177768932,-0.172244289,3.170162693,2.30653136,5.904691377,1.874682361,1.107754722,3.324432684,1.283842317,1.266478402,1.657284075,1.339253814,1.346937763,3.158709512,8.067381448,0.392090956,0.482539289,2.328987063,9.0393312,3.85801479,2.105805113,1.034004139,5.143083095,1.632338631,0.163529433,8.164451153,1.740617771,0.810123076,0.903191178,0.790525966,1.283422121,4.560839167,0.506593628,-0.264887628,1.591316625,1.461561512,4.343831274,3.174109891,1.825539472,0.393128266,0.751964811,4.92792376,1.17039668
23MFT8:5-Day_3,2.396661503,1.73345988,2.242385873,-0.108849241,0.203869632,0.716945716,0.254520401,1.276898832,1.533272884,2.897261761,7.298281445,1.850808959,9.090907341,4.191730456,3.327577064,-0.014273091,4.432072979,7.28564315,0.926288783,7.29225574,-0.128461553,0.653844559,8.884703146,2.865853653,1.056538896,10.26600778,4.362886655,1.247856506,-0.286197045,0.432007134,1.961480043,3.662751937,-0.621736534,-0.3426014,1.7896747,1.713177884,1.179635593,12.42173473,1.753554855,0.841420947,1.686587768,1.247001317,5.627874698,2.566145992,0.802825673,5.23376905,0.506214335,-0.039677605,6.393570824,1.885836236,0.105179478,4.149197425,2.313232682,6.519880696,1.079154698,0.202480849,3.330122548,1.002632976,1.248130254,1.891601317,2.48271956,0.15878764,5.581481891,8.023872194,-0.817268719,-0.118896329,2.443265903,9.060188055,3.816764861,2.748839907,0.598121282,5.659594383,1.33158607,0.319690144,10.64325926,1.739067417,0.454242401,0.723338146,0.589425718,2.808157559,4.562656297,0.180646008,0.672282624,1.131530334,0.638923925,4.06748331,2.399157132,1.584302277,0.181955423,0.00182328,4.410092706,0.241606335
23MFT7:5-Day_2,1.272762533,0.38949107,1.854015724,0.509317022,0.465384978,-0.220930437,0.636427757,1.555801875,0.73903858,3.111752579,7.288858703,0.854299536,8.459028796,3.150344849,2.509969246,-0.072580453,4.144951055,5.905040398,1.087659375,5.281358553,0.759409722,0.969744718,8.833313038,2.70359676,0.983951666,8.396763888,3.821725578,1.695629422,0.016399458,0.532168029,1.066982042,3.703542801,-0.297272174,0.068559875,1.627005748,2.268341768,0.589719254,8.857295619,1.312390314,0.993405031,1.8661088,0.859915321,5.601967045,2.26450298,1.128355751,5.763419727,0.826320835,0.768492282,4.529366761,1.952186913,0.304258041,3.453848924,2.342371601,5.871073784,1.847454078,0.726091937,3.097794362,1.228803305,1.053376832,1.556691494,1.115843599,1.004571593,3.066708222,8.036701962,0.395770195,0.162262288,2.064379505,9.035450129,3.767151318,1.992647724,0.598912577,5.709485585,1.349732634,0.087783164,7.783189911,0.637846652,0.512798158,0.860517749,0.874085694,1.395171746,4.592306749,0.907918351,-0.533773431,1.229392205,1.155328304,3.295520714,3.334699546,1.670615865,0.470401184,0.486023217,4.886232104,1.111741111
23MFT8:5-Day_1,1.481418239,0.878459365,1.554133301,0.435015093,0.588831563,-0.060904035,1.106067309,1.674898771,0.829936625,2.876830449,7.36711945,1.299009901,8.478967033,3.340923426,2.723118084,0.284127977,4.346947195,5.913169174,1.163508487,5.580601386,1.053530372,1.183129314,9.00496756,2.813601528,1.273056086,7.710711745,3.91158797,1.864477208,0.163081265,0.853105637,1.014032266,3.558468487,-0.213873273,0.499261727,1.497069164,1.878851249,0.258379409,7.455981392,1.217833071,1.189764416,1.935897395,0.757552811,5.565660533,2.315778962,1.181716967,5.890183038,0.980084491,0.315727855,4.489396342,1.555441725,0.548630552,3.683750464,2.448745297,5.78552615,1.809279849,1.231217011,3.126910392,1.253173073,1.361484828,1.435850802,1.374889602,1.500100342,3.196612704,8.033339987,0.572202131,0.132301088,3.008814482,9.015898118,3.722452239,2.506594886,0.799545122,5.544758158,1.505233828,0.561973106,7.463892656,1.666129066,0.845486639,0.872750122,0.998179186,1.84270591,4.74808796,1.227805095,0.153533234,1.291619205,1.796280149,3.432914248,3.02605094,1.568591037,0.158045028,0.654783758,4.962583866,1.255698781
23MFT8:1-Day_3,1.673475612,1.18110799,2.070977625,0.365361267,0.571376971,-0.223537275,1.001228246,1.137389338,1.150177487,3.029476642,7.464469896,1.670727166,8.304463299,3.458656798,2.832237146,0.253867547,4.54445181,6.293293616,0.916263585,5.571480212,0.75203945,1.370547186,9.063663735,2.995764715,1.187353702,8.692330564,4.27928165,1.729249989,0.216688019,0.653199799,0.973502568,3.815502978,-0.279402718,-0.059445461,1.64730849,1.879047435,0.469978158,10.1877304,1.597862973,1.220171754,2.065650427,0.899967501,5.780269536,2.165786047,1.002511547,5.247194857,0.802850122,-0.424163799,4.84587956,1.775569247,0.478818985,3.698295136,2.292330258,6.028729295,2.072116799,1.290741499,3.121862869,1.721024942,0.894279101,1.616600959,1.772310155,1.026451053,4.846239566,8.108233148,-0.019537209,0.222514103,2.160861882,9.147193283,3.890113505,2.218869594,0.886532227,5.93990855,1.730416207,0.235662479,8.878802834,1.5603747,0.762887921,1.213331493,0.734631166,1.770702321,4.783807642,1.104470809,0.004583304,1.411413316,1.378445969,3.098111885,2.214095029,1.79438912,0.244922876,0.402495126,4.452326466,1.334435602
23MFT7:1-Day_9,1.397682258,0.357058513,1.571345728,0.22276558,0.486856814,0.046736458,0.372601609,1.36953108,0.928313569,2.813923954,7.001519769,1.710815657,8.580798796,3.311341729,2.502654276,0.017161024,4.331097033,6.19373892,0.898955162,5.304338203,0.520210647,0.766438265,9.060281065,2.786149343,1.018972979,8.991106483,3.998369323,1.623461857,-0.24503421,0.512320001,1.026542033,3.617316931,-0.214350844,0.247668153,1.594263181,1.914355569,0.694495904,6.987752831,1.331501995,0.739845965,1.913509942,0.896845152,5.658800267,2.315012422,1.20332516,5.377998366,0.764096158,-0.891111274,5.433267912,1.318610278,0.234588109,3.724812573,2.298284484,5.932310487,1.554959216,0.739586997,3.172658114,0.699655737,0.894273025,1.678201371,1.030932069,1.154632188,2.487164244,8.051493985,-0.167242223,0.251221998,2.91568492,9.065396513,3.744579787,2.086270426,0.78177331,5.866796282,1.336068244,-0.020749192,8.37233261,1.037786097,0.732005753,1.077946177,0.819760667,0.809251821,4.730491902,0.832525411,-0.412540033,1.499726039,1.8297263,3.446490133,2.491437564,1.479775164,0.440086983,0.544723,4.486814719,0.744079229
23MFT8:3-Day_2,1.793953691,1.340260881,2.301621862,0.561422595,0.844762882,0.809976601,0.734168259,1.295930948,1.118040098,3.231948483,7.039044316,0.844885285,9.345077448,4.27236259,2.534349148,-0.327193147,4.126063054,6.862329571,1.042286533,6.655920562,0.303306622,0.810377183,8.981105329,2.775179391,1.378554993,10.41305445,4.3517372,1.598707758,-0.128051539,0.360774495,1.85227653,3.529946709,-0.686728475,-0.379739395,1.45113342,1.911671697,1.006113719,8.039489603,1.819121305,1.018621608,3.309624302,2.763166798,5.290191928,2.802128908,1.165028673,5.458638936,0.966917671,-0.390533179,4.683188501,1.453394177,0.1990436,4.126456882,2.360014527,5.793048209,1.447933711,0.71404511,2.924240731,1.262102502,1.475386347,1.62092389,1.737278727,0.493418251,3.020338569,7.85398335,0.242370451,0.206125267,2.842882088,9.018122006,3.553004712,2.425517629,0.409659504,5.418926691,1.402576057,0.332052208,7.831315562,1.541530665,0.353426109,1.214361891,0.488600566,2.09300394,4.485376753,0.333076718,0.47770658,1.718358008,1.558791014,3.997630532,3.180152932,1.141008795,0.529006748,0.42196911,5.302942454,1.060991055
23MFT8:2-Day_4,2.276907658,1.225774814,2.036377391,0.046188207,0.818191628,0.123008737,0.501859753,1.077003969,2.058291164,2.850040438,7.010823254,2.636348544,8.324802413,3.049561751,3.66636279,0.63986231,4.140201984,6.536819011,0.930606379,6.449362986,0.316360274,0.544819909,8.982934445,2.687482039,1.036863534,8.539752707,4.327313524,1.563677461,-0.094466087,0.679400824,1.486425381,3.306792342,-0.169219623,-0.613323789,1.494741933,2.098014769,0.776565403,12.85608506,1.50580543,1.360674737,3.281753387,0.870709211,5.724672094,2.797585783,1.082378611,5.214220007,0.906539985,0.124371532,7.681265198,1.881005867,0.281927538,3.621221852,2.520423917,5.365175634,1.559831173,0.772067093,3.092861613,0.788913199,1.586670335,1.6534644,2.576368653,0.816058771,5.609543492,7.895417124,-0.344991586,0.064399925,2.547827724,9.207122985,3.778564404,2.355100912,0.610821531,4.741545868,1.635629049,0.155274226,10.87442204,1.148436509,0.640032888,1.314640085,1.322459916,2.364094802,4.470852398,0.89853553,0.704244786,1.338772235,1.452196748,4.341123059,3.085598046,1.696688582,0.149299519,0.59102658,4.343282288,0.895815449
23MFT7:2-Day_5,1.295888421,0.10921647,1.643636561,1.154610145,0.661018457,0.275295824,1.518214426,1.59320763,0.955324233,3.121022042,7.503292479,2.54696521,8.82856183,3.473439646,2.62919706,0.49634071,4.735135037,6.097893118,1.487744054,6.013236421,0.795857841,0.976613,9.087148897,2.478034916,1.198057657,8.674616221,4.294459212,1.692459281,-0.220508467,0.955980558,0.744894108,3.907305625,0.017553954,-0.278642417,1.277881149,2.157904828,0.81633518,7.946333927,1.317169678,1.411955814,3.905861508,1.065282654,5.615622128,2.257421904,1.024942839,5.75712552,0.903900837,0.364624162,6.149428041,1.844162351,0.839653904,3.745255485,2.628323662,7.014983949,0.894544593,0.75081815,2.968011415,1.500844033,1.355406404,1.570101329,1.286671995,1.405793542,3.61149521,8.05301907,-0.256813779,0.212077236,3.99627514,8.957459594,3.801758084,2.196513342,0.84958937,5.315101467,1.575340983,0.511634149,8.399238295,1.387037189,0.534875842,0.972868802,0.996650909,1.770522833,4.789211443,1.173318452,-0.315054175,1.452453722,1.32728229,4.270026863,3.174289475,1.656223178,0.451813143,0.545586275,4.523916736,1.013339132
23MFT8:3_D14_1,1.103085504,-0.483159819,1.488896397,0.429510409,0.805264129,-0.193248863,0.809932695,0.652362773,1.017337087,2.113823042,5.053043618,1.098993291,6.820927491,3.13213503,2.242076196,0.635174711,2.890000228,4.259074634,1.44633209,3.114676605,4.26481231,0.671067341,8.536311461,2.046737796,1.435591854,4.711057407,2.811102583,1.511190786,0.152242979,0.39492699,1.366295331,2.695180596,-0.72548482,-0.433619283,1.496268459,1.908989235,0.55015149,6.031329868,1.505989851,1.455271937,1.44919012,0.924130457,4.694402745,1.452493399,1.30341407,2.733873909,1.005492586,0.677654348,2.166385328,2.089558521,0.716819999,1.054453753,1.980122213,3.777707397,1.799927844,0.731903573,2.660242187,1.303477816,0.927185719,1.617739425,0.723849645,1.096735431,1.75813057,7.097462587,0.127318582,0.306699834,1.270227087,9.001599612,2.986016611,1.846555689,0.335068589,3.500383112,1.662553603,0.405090798,7.1074402,1.39783395,0.570073245,1.215470375,0.711619378,0.398736364,3.686423412,1.419016165,-0.446168959,1.407301499,0.779110683,2.599845669,1.288085408,1.184117235,0.575175639,0.440249098,2.837947067,1.183309496
23MFT8:2-Day_9,2.866121008,0.7048958,1.789876939,0.874083361,0.444688826,0.148789777,1.280957638,1.299034037,1.139305722,3.218923151,6.398042148,1.157535073,8.769811976,3.458626824,3.909816197,-0.102471532,3.211314368,6.285295705,1.226486933,5.664020672,1.121800534,1.322668251,8.45708025,2.374473161,1.314225738,9.93046776,4.302339991,1.623069961,-0.152541714,0.925360241,1.337227489,3.264110275,0.146082214,0.497853704,1.440232722,2.435356823,0.614750545,8.874986621,1.709470765,1.423337055,1.996637444,1.07840096,5.191895217,2.764129747,1.196418329,5.616997284,1.069559165,-0.082273314,5.23582789,1.989237247,0.425030897,3.821819494,1.908260477,5.687228288,2.021663327,1.241215356,2.469088143,1.433450272,1.159402802,1.528725253,1.511852945,1.457460925,4.329755004,7.356246752,0.227837712,0.454282418,2.608228812,8.902043562,3.230155023,2.295629447,0.6654655,5.362106145,1.626212776,0.383745359,8.083874173,1.302775983,0.601399194,1.08832707,0.927436484,2.274397984,4.08847331,-1.057925263,0.485758967,1.704448137,0.94680049,5.439611679,3.559198149,1.407811467,0.283594488,0.801835413,5.299023463,1.085616005
23MFT7:2-Day_0,1.365672122,0.599157822,1.777511991,0.517993534,0.242480259,0.126947684,0.55593484,1.343189562,1.075676129,2.989824521,7.16863513,0.748828501,8.412107869,3.085421849,2.382650071,0.127412124,4.201864954,5.887392804,1.079238438,5.281474787,0.441904697,0.66882706,9.026754317,2.531858869,1.112122344,9.047124185,3.859164121,1.652236977,-0.242574166,0.740500363,0.567573433,3.483265743,-0.422109512,-0.553343907,1.351245186,2.023645798,0.59925527,7.080542303,1.342441723,0.769570107,1.94174966,0.79986444,5.501102925,2.338137838,0.87007715,5.144357713,0.598450963,-0.491322291,4.025974859,1.575140977,-0.425081845,3.629739201,2.289977263,6.072928387,1.273293011,0.569778082,2.898407115,1.418857471,1.33076144,1.371334973,1.122242397,0.488740593,2.851559777,7.99619411,-0.667171502,0.013552175,1.934314552,9.07925574,3.735705225,2.541767701,0.642163063,5.390757044,1.414458471,0.438815209,7.989713218,1.313821097,0.690459677,0.978244944,0.546282799,1.398430601,4.619891407,0.1749461,-0.282069147,1.269387131,1.566767514,3.204381748,2.785704712,1.689275908,0.286633974,0.624720105,4.755350147,0.850439757
23MFT7:4-Day_9,1.72584885,0.461457764,1.598264245,0.526420491,0.526830548,0.402883847,0.944422713,1.267533551,0.938890368,2.474105811,6.663192531,1.115580117,8.621237887,3.435555804,2.971096782,0.2023369,3.720382907,6.288378055,1.295155344,5.507625659,0.014980825,0.72675238,8.880494423,2.31874395,1.452737964,9.764547601,4.456193327,1.552739621,0.013973747,0.726557054,1.28814966,3.534210055,-0.568460953,-0.397649266,1.393591316,1.848768781,0.510735456,7.786520519,1.504185996,1.050917455,1.879118914,0.799218724,5.560255748,2.321569251,1.040068078,5.246678295,0.773527712,0.014654582,5.248700391,1.182808264,0.222149152,3.862292137,2.023316231,5.379958096,1.288032083,0.40146037,2.871405044,0.768835425,0.743503832,1.571988277,1.558983361,1.136312823,2.845805852,7.596816838,0.536602204,0.21821103,3.051721408,9.07562712,3.658700328,1.787867278,0.593267487,5.23638305,1.60262423,0.333433843,8.767093115,0.779329209,0.5295963,1.315970494,0.553537182,1.172628807,4.081016085,0.876889885,0.01456601,1.44523161,1.198196206,4.678661329,2.73154304,1.425849369,0.842758196,0.273086808,4.70865391,0.8692858
23MFT8:1-Day_4,1.573117658,0.433684425,1.915413174,0.513432166,0.642556026,0.176984771,0.493078993,1.244967772,1.343899735,3.141199852,7.388076871,2.567654749,8.598958763,3.437010117,3.171906086,0.255674687,4.374327931,6.181291554,1.217419443,6.357316621,0.379867729,1.230256368,9.101233547,2.688156864,1.350645559,8.578927036,4.398551525,1.523737948,0.04638984,0.967357119,0.894416437,3.61481699,-0.560098741,0.282196017,1.580650002,2.058404888,0.662048481,11.65781334,1.42791817,1.565921014,3.00423796,0.83321989,5.626217943,2.274027074,1.255815106,5.161661788,1.203556308,1.237503762,6.267107204,1.636719548,-0.331387481,3.860533617,2.161364632,5.704407939,1.591617782,0.636930386,2.985658193,1.458336389,1.145749553,1.626356257,1.870103057,0.993408783,5.324191535,8.045269446,-0.186783619,0.307877537,3.371537262,9.163833467,3.793833706,2.263111648,0.759573303,5.531620042,1.368878939,0.122040382,10.3831314,1.723949855,0.815416398,1.16944107,1.048588759,1.577928961,4.752787955,0.37893757,0.149584648,1.146720492,0.049325444,4.119644374,2.407404627,1.865473836,0.669669018,0.814687522,4.489270512,0.814906265
23MFT8:4-Day_4,1.583434084,1.342638086,1.741059854,0.166831367,0.339123554,0.056678868,1.131544242,1.696066291,0.863570784,3.001766891,7.716703172,1.50842667,8.473862599,3.374565164,2.976239854,-0.524101159,4.418870537,6.121301483,1.110615739,6.327559479,-0.269332748,0.996755076,9.181407798,2.705593211,0.954353086,8.943277965,4.092739471,1.488857279,0.073993874,0.467624734,0.691652034,3.797980718,-0.587039448,-0.261473153,1.728209037,1.913673646,0.33291105,8.30812474,1.287591196,0.879407584,1.679808767,0.833579026,5.629925313,2.409357353,1.126140791,5.822682692,0.093960165,0.883269667,5.654295895,2.066125575,0.128959408,4.136027819,2.438525724,6.213622765,1.696114027,0.49581943,3.194625431,1.230993958,1.489483163,1.533659955,1.303220048,0.693790111,2.490839296,8.179419783,0.472783756,0.114727859,3.029295696,9.138309346,3.774118845,2.552069131,0.474461955,5.6411447,1.175779478,0.307591987,7.712642722,1.109414564,0.450657196,1.496570335,0.502505325,1.895624348,4.57679176,0.036730665,0.209015386,1.141285722,0.62450086,3.895539581,3.563667847,1.530760457,0.268475277,0.398029225,5.055793271,0.531647964
23MFT7:5-Day_0,1.209025432,-0.142820127,1.820964826,0.88918618,0.542895679,-0.040825284,0.439229713,1.589348105,0.935361279,2.625704484,7.203763326,0.954755659,8.267251006,3.011733019,2.400629966,-0.310589881,4.516694022,5.965989634,1.365775195,5.133674599,0.128347815,0.390136987,9.003426201,2.419305788,1.119587465,8.848455647,4.050713727,1.551266141,-0.273825506,0.804763893,0.800953946,3.660498206,-0.991104198,-0.58119486,1.533804312,2.067110215,0.439578126,6.397630844,1.600896799,0.905637581,1.651799916,0.908694948,5.753959909,2.059722985,1.102560286,5.418703246,0.745107752,0.57246105,3.435767338,1.853338174,0.359750235,3.488233746,2.478029148,6.212137623,1.079687982,0.371514262,3.21808462,0.92410612,0.949035401,1.670101838,0.850807242,0.536472954,1.825428728,8.159845569,-1.553613001,0.336037595,1.902549794,9.170270404,3.988292509,2.064524133,0.524397692,5.29447291,1.47943633,0.499848652,7.505431249,1.674237653,0.874620143,1.100453485,0.605806482,0.958686053,4.767080611,1.334977697,-0.624134011,1.579807955,0.803494616,2.959635421,2.651320862,1.449066688,0.294165161,0.468382371,4.897308451,0.084417682
23MFT8:4-Day_9,1.594763603,0.471859397,1.720972171,0.032947354,0.938009631,0.305921009,0.550561916,1.413253039,0.878993864,3.610691043,7.373679151,1.465339302,8.39975037,3.273921165,2.470022496,0.296918227,4.372904663,6.021355917,1.064540039,5.450558814,0.388467904,1.074140384,9.023260533,2.92385794,1.634352736,8.936825004,4.218487559,1.521494773,0.397098931,0.743140827,0.928286613,3.729220348,-0.42266886,-0.549883584,1.404713527,2.141616482,0.672468691,7.034631592,1.578451081,1.278204911,2.121165732,1.222084793,5.608837556,2.168832218,1.2792013,5.520565427,0.726194259,1.015786292,4.50121696,2.20737233,0.98139041,3.400956387,2.322114324,5.940896725,1.683574505,0.712519074,3.278857765,1.691493222,1.22725309,1.6895975,1.15074496,0.845184422,2.43602383,8.144235341,0.097944943,0.259957306,2.542978268,9.093759081,3.846218944,2.220996721,0.678537505,5.5186325,1.792166417,0.460891611,7.659136271,1.475177674,0.615592084,1.082162979,0.843132376,1.434859285,4.806311576,0.933178276,0.014357416,1.608189513,1.122279158,3.576562993,3.051670233,1.407070844,0.548275936,0.871868746,4.73822156,0.979392628
23MFT7:1-Day_1,1.556190688,0.108716381,1.678400244,0.553663018,0.638348541,-0.380826794,0.051586303,1.512501721,1.069787197,3.110680381,7.326654623,2.003004498,8.908740523,3.433041073,2.586573258,0.16383773,4.651098597,6.062798912,1.115354213,5.904689231,0.107205189,0.99645644,8.967482064,2.733222446,0.83321542,8.521104583,4.35462954,1.745916779,-0.600682135,0.601300195,0.738789206,3.738925265,-0.632761615,0.070984446,1.51443058,1.941824105,0.730881649,8.504509511,1.558560453,1.093306536,4.73221096,1.034710763,5.683403262,2.535522988,1.227024994,6.067768515,0.403264887,0.250774957,5.709315887,1.346536323,0.173910554,4.073294669,2.425255368,5.992447739,1.215226334,0.602898909,3.21978524,1.144882702,1.396473892,1.70951724,1.130515125,0.969546179,2.497222288,8.094623203,-0.743181667,-0.031246952,3.668965667,9.075291358,3.870439452,2.329657861,0.614014674,6.115011049,1.308414552,0.36688035,8.601559106,1.301258324,0.858777527,0.856583722,0.661000889,1.817178428,4.989562705,0.554524685,-0.351804413,1.412976137,1.286098974,4.326983634,3.299069089,1.876108933,0.575921538,0.424341965,5.262193529,1.033791023
23MFT7:5-Day_3,1.45743741,-0.58197335,1.603152601,0.18919456,0.391812965,-0.1369033,0.457038024,0.865959026,0.795187102,2.421251806,7.051699678,0.839914757,8.172430372,3.082979291,2.352379447,-0.275117904,4.048882898,5.811408181,0.84982738,5.127810729,-0.02208726,0.672163924,8.976831965,2.338467378,0.776964459,8.114001955,3.612446008,1.474248016,-0.480150499,0.679440926,0.74012314,3.360669455,-0.836565691,0.06083931,1.535936978,1.938174751,0.435285247,9.367537289,1.511857935,1.234270392,1.801809673,0.713409486,5.564266868,2.065367656,1.003397253,4.453616989,0.5789519,-0.841122495,4.310423325,1.369356338,-0.438502819,3.333429577,2.095234961,5.723664182,1.431686943,0.072688638,2.869054113,0.798059109,0.784230159,1.83346489,1.362011914,0.535366433,3.442136871,8.05860123,-0.424466113,0.143402686,1.765907244,9.150402375,3.792121126,2.129762822,0.62124838,4.805074248,1.316525572,0.005463423,8.330394464,1.642035947,0.4226641,0.877699543,0.469464898,1.268122121,4.370649457,0.79028413,-0.820889092,1.062823868,0.599515685,2.887175674,2.27282197,1.439722792,0.227643661,0.303483902,4.292084316,0.489824066
23MFT8:3_D14_5,1.282762537,-0.012380192,1.708422732,0.177149148,0.639219038,-0.339063759,1.21564963,0.801571718,1.023386177,2.950833681,6.003785105,0.896846791,7.460948468,2.949003515,1.772778839,0.757583323,3.501175925,4.966220454,1.556724458,3.962444436,5.193398223,1.503131634,8.798935918,2.907805839,1.290574486,4.963587117,3.341321844,2.007472037,-0.146209683,0.767006259,0.561896658,3.019617995,0.434311471,1.297366861,1.415563635,2.174560648,0.42973056,6.622259503,1.453354825,1.273175976,1.960313757,1.122344058,4.928811165,1.631261855,1.373026809,2.949646021,1.294341696,0.668709624,2.373084904,1.388052085,-0.081862205,1.844110082,2.184968214,4.28902708,1.734440169,1.069171722,2.628014748,1.474121347,1.14987874,1.763593598,1.123168088,1.472477448,3.108876766,7.618597161,0.706839286,0.335766503,1.91517597,9.094913942,3.29993366,2.013176838,1.037868461,4.761477903,1.944332002,0.705426509,7.656208924,1.421613682,0.797290798,1.496334419,0.75968514,0.961390084,4.373333278,0.604297827,-0.249295727,1.805156309,1.264493336,3.339782261,0.528051445,1.552131563,0.688780352,0.976845264,3.342752328,1.325854649
23MFT8:5-Day_9,2.171765287,0.35278567,1.681539573,0.930232642,0.786812581,0.089820305,0.704225036,1.824129643,0.943397936,2.842700283,6.842582016,0.830576097,9.110767547,3.883819336,3.422221779,-0.100499447,3.85628025,6.63223371,1.085636642,6.269564724,0.227977494,0.490299224,8.970093634,2.088092162,1.098830203,10.23152328,4.614758154,1.505512598,-0.234981559,0.635580378,1.619184849,3.441848728,-0.894698967,0.101245319,1.859631507,2.182101326,0.975465081,8.226761285,1.666030631,1.270443881,1.795986322,1.232425976,5.550145051,2.717422664,1.389130596,6.090780177,0.942449858,-0.499447132,6.074930732,1.668569488,0.760466236,4.457627818,2.082305444,5.722133741,1.652404039,0.452769635,2.828450861,1.03528404,1.337995566,1.615696543,1.583285304,1.183066238,4.417048613,7.756329064,0.815392566,-0.028246126,2.998084033,8.984138008,3.609039742,2.313084871,0.613482499,5.479453519,1.16503111,0.347848735,8.355784623,0.880588776,0.503448519,1.506408125,0.166248974,1.913322745,4.319224402,0.75488572,0.626056689,1.272469962,1.506916193,5.096484926,3.418616825,1.403909537,0.332525928,0.272114262,5.316442403,1.110226446
23MFT8:3-Day_14,2.424988023,1.470291266,1.955246269,0.350792582,0.677159955,0.466873308,0.543610968,1.399762184,1.053775031,2.86722212,6.682117085,0.702428214,9.117531902,3.971864813,2.367820139,0.253850025,3.978277806,6.747448621,0.888101303,5.727943153,0.349471807,0.924525896,8.949119916,2.898216219,1.252710258,10.40831233,4.685583142,1.51093659,-0.443297434,0.63937998,1.018220013,3.493294162,-0.049931502,0.197361024,1.331234593,2.039151706,1.235672223,7.596859503,1.906501495,1.067214875,1.908326881,1.324668606,5.416704504,2.312805444,1.250710323,5.034522254,0.958419382,0.54490345,3.755415727,1.828206237,-0.075318623,3.136412731,2.218203143,6.237088949,1.737901801,0.589991623,3.129836742,1.568434617,1.241555698,1.709349067,1.416176116,0.979993088,2.996343243,7.831371605,-0.087945939,0.189667167,2.010899297,8.978937605,3.538258265,2.824693367,0.852626759,5.560769449,1.469281432,0.324779758,7.432415676,1.784399439,0.753572316,1.092672095,0.410588571,2.363584066,4.530159131,-0.444764095,0.565694263,1.22696172,1.086753029,3.952661619,2.320437787,1.486906768,0.190033568,0.197790302,4.45215484,0.852678742
23MFT8:4-Day_3,1.341588225,0.932862726,2.11322965,0.399804147,0.896548435,0.889977341,0.380453675,1.155278948,1.025453628,2.615967154,7.159112881,0.558951179,9.217917656,3.857151788,2.556746751,0.116063849,4.209075727,6.599821708,0.699169677,6.647653755,-0.677194228,0.499714476,8.898537316,2.795200865,1.234926063,10.47926842,4.71705277,1.344482176,-0.69354204,0.285510115,1.36203995,3.365370028,-0.731827303,-0.709381994,1.049542353,1.792079426,1.193127083,7.893159187,1.652013278,1.271983414,1.817659844,2.569955416,5.517355663,2.665751724,1.035457944,5.598803913,1.219900387,-0.068623808,4.889348863,1.306327744,-1.081434843,4.774044803,2.080513543,6.199008621,1.705959786,-0.301482953,3.391792095,0.687248976,1.327212271,1.511665054,1.692089645,-0.161901789,1.881022586,8.123056559,0.205940739,0.065812801,3.431926421,9.070205983,3.782455572,2.363552661,0.533970848,5.839544672,1.047765115,-0.02203062,8.012697774,1.119567253,0.475831604,1.008919319,0.698409331,1.849577113,4.449760471,-0.274904987,0.412667076,1.281042968,1.155371738,3.554582889,3.311168336,1.389162305,0.258040842,0.149762349,5.332303612,0.472808634
23MFT8:3_D14_3,1.678302642,0.318380022,2.006024878,0.806761541,1.120919596,-0.449815494,0.580627832,0.931740002,0.952580833,2.349967495,5.447886178,1.182131331,7.308744041,3.101756074,2.093495349,1.096107927,3.766962099,4.924401724,0.983923595,3.817733011,5.55367926,0.950753245,8.804647282,3.00504016,1.436934882,5.10189455,3.593781321,1.565026046,-0.068708894,0.453016619,1.116106894,2.764704823,-0.378528267,-0.449773377,1.366302649,2.301807923,0.729616099,6.601514806,1.797330523,1.224438393,1.966776387,1.119063701,5.230674355,1.642985864,1.512133563,2.903661151,1.084504618,-0.287619125,2.05345983,1.983634165,0.516771776,1.064550649,2.534652783,2.714331125,2.04478389,0.909756923,2.97505227,1.626667956,0.865318418,1.512157434,1.081379873,0.77500825,3.39360801,7.47603931,0.174959272,0.30974129,1.696102328,9.118327129,3.532476276,2.398454218,0.529585693,3.892184345,1.247845702,0.507397064,7.724076651,1.727833746,0.959711807,1.582503056,0.762120692,0.896441493,4.265745125,1.276273015,-0.181442469,1.669751815,0.379004152,3.330640738,1.297259977,1.544183541,0.647591335,0.776401614,3.158877129,1.074506551
23MFT7:4-Day_3,1.373447401,-0.793760124,1.761602544,-0.192802194,0.801765511,-0.040636272,0.535824571,0.965621838,1.130149825,2.724454573,7.063865556,1.198350885,8.358954629,3.22718032,2.878183965,0.318893329,4.474769321,6.019443906,1.076101689,5.694068505,0.066890554,0.674885501,8.778107909,2.778578697,1.27571693,8.531733079,4.258022391,1.544518823,-0.511445544,0.585590924,0.91403372,3.441131095,0.100903215,0.129679154,1.51266904,1.81740612,0.450834594,10.59025204,1.250601858,1.245243188,1.839729072,0.817933774,5.73535205,2.104436595,1.034049103,5.005159024,0.906129651,-0.072236616,5.270996909,1.69571599,0.462592379,3.527167075,2.367174324,5.697507061,1.313054759,0.801037138,3.153842727,1.125020946,0.894796243,1.411349739,1.676120027,0.991231104,4.777513491,7.971650374,0.070081645,0.155315564,1.98023245,9.217421067,3.734626678,1.933588426,0.657196205,5.513235087,1.312120131,0.117057261,8.988132071,0.667863028,0.797917879,0.689406188,0.703829816,0.867262668,4.563538229,0.60815735,-0.416243967,1.426150846,0.466322895,3.255862643,1.96525123,1.789791601,0.109063255,0.274437446,4.536101955,0.652769407
23MFT8:4-Day_2,1.886360058,-0.032705532,1.773564955,0.300125207,0.552351079,-0.006596759,0.948155494,1.478416565,0.810976555,3.116160513,7.67001948,1.251035671,8.624181645,3.510259789,2.712114022,0.081244229,4.31307495,6.237246627,0.566112289,6.140752413,-0.19826462,0.662943339,9.020764852,2.937930224,0.952753405,9.117578854,4.217119173,1.405431877,0.008823315,0.591725092,0.962844255,3.735025826,-0.171536043,0.236720066,1.4297379,1.812438181,0.523162729,8.210150623,1.466498214,0.613100361,2.034905925,1.011175882,5.649277767,2.377621031,1.160098867,5.676767132,0.744719061,0.419223112,6.387867281,1.613710146,0.326580319,4.060241762,2.360798066,6.488676108,1.686950182,0.799803704,3.479098511,1.034279991,1.347047184,1.591994027,1.267531968,0.848655153,2.551048503,8.10406364,-0.635169584,0.283601694,3.421023115,9.024522518,3.804835431,2.356162755,0.597585335,5.869675765,1.432299799,0.175644769,8.097577806,1.663642846,0.625860153,1.149701301,0.735581888,1.66816058,4.489407617,0.62738103,-0.026446212,0.933462818,1.583007309,3.902202636,2.888828181,1.38591336,0.077392745,0.400355397,4.562431179,0.022785804
23MFT7:4-Day_2,1.290949562,-0.224349772,1.589362584,0.510940568,0.742745255,0.121514453,0.617842328,1.228858104,1.129439103,2.603731153,6.862943239,2.273851994,8.448341439,3.821062526,2.312300342,0.287713196,4.407010856,6.238929998,0.490986371,5.552336278,0.64680803,0.608649895,8.913933474,2.543371788,0.466199091,7.839823101,4.054136694,1.363034275,-0.329249999,0.802062812,1.046282478,3.783125914,-0.705589782,-0.159836609,1.493415531,1.87193579,0.524493171,9.229401779,1.392206669,0.638218606,1.783850521,0.858019138,5.778294588,2.282199006,1.258298237,5.669343814,0.721509984,0.388816994,7.479444426,1.704600927,-0.026832208,3.885188441,2.392397874,5.928067268,1.236619908,0.592232691,3.123850327,1.281349712,0.927872371,1.359240679,1.114197662,1.045278944,3.2100915,8.022645854,0.007986132,0.307240775,4.18376813,9.120215164,3.829254649,2.017092308,0.45447008,5.770871829,1.257873067,0.036911483,8.579721684,0.928890859,0.531351516,0.940252308,1.243440932,0.822693576,4.559042627,0.552400271,-0.576394132,1.160414856,1.177541584,3.746666049,2.717222637,1.524688502,0.084756184,0.472311552,4.768978328,0.862380867
23MFT8:4-Day_5,1.171152255,0.206073297,1.572526527,0.352669814,0.723205548,-0.129512728,1.203576189,1.491589793,0.956351284,3.32115418,7.389352115,1.611194015,8.79744152,3.05498175,3.064628395,-0.17831603,4.258687681,6.17442306,0.860149658,5.661293812,0.409703843,0.941855227,8.973019634,2.754644538,0.942419664,8.699138055,4.164693412,1.835389315,-0.051579448,0.919618266,0.819499524,3.705411532,-0.301330419,0.155626866,1.8979122,2.056019978,0.626278807,7.786963576,1.20762646,0.384288605,2.002167459,0.7352057,5.623340269,2.339893475,1.187413682,5.716209431,1.006112473,0.733748824,5.942901067,1.547673348,0.385948802,4.21720541,2.200366648,6.281390148,1.671140029,0.547248187,3.565718346,1.558915427,1.173828564,1.112386852,1.090227133,1.396459822,2.826570589,8.088226243,-0.07654395,0.242817815,3.435755902,9.019049092,3.77721546,2.384590243,0.896193808,6.127232982,1.460986912,0.210788303,7.755063718,1.543826862,0.615067491,1.061191152,0.394515925,1.425575608,4.934941435,1.098145945,-0.051760629,1.455847671,1.565435411,4.0762946,3.019374862,1.493695529,0.26145856,0.484189502,4.956661238,1.06992962
23MFT7:4-Day_14,2.075535729,0.458322571,1.641084394,0.344064093,0.147224393,0.773232471,0.153974158,1.421125849,0.894221756,2.375975403,6.474824676,0.516333931,8.999495746,3.843235955,2.35648452,-0.458512196,3.922901644,6.671033625,0.797158761,5.787566584,-0.175402881,0.406410513,9.041420347,2.071893122,0.446025229,10.35832364,4.633455538,1.088560315,-0.366385814,0.852433602,1.064795008,3.585686123,-0.749748637,-0.801991102,1.144118669,1.701107057,0.802112592,7.760144097,1.475509608,0.988957012,2.239123166,0.774790329,5.734945481,2.227162733,0.939721124,4.59428308,0.406569601,0.147283466,4.642547414,1.705345994,-0.073453859,3.25465489,2.115490765,5.865665739,1.457473847,0.302274217,3.082673245,0.906493246,0.776693528,1.778601812,1.540102529,0.35855917,2.762049902,7.834287341,-1.089124182,0.370150078,2.416372139,9.152040492,3.819769044,2.042362318,0.054700575,4.499764366,1.26514577,0.341724897,7.593365615,0.477880757,0.574831394,1.239365457,0.42558304,1.153973485,4.201596433,0.074624524,0.10750421,0.921836229,0.206425312,4.500770993,2.60631236,1.446281464,0.277425733,0.358154982,4.415329965,-0.202278082
23MFT8:1-Day_2,1.899792532,1.005556858,1.986610923,0.183875287,0.589232737,0.127894459,0.121831847,1.261379667,1.077757717,2.95928504,6.851531616,2.14541326,9.345329749,4.400370689,2.529314276,0.327311952,4.282186616,6.868228073,1.053485117,6.445339173,0.518185844,0.512145731,9.049696886,2.6974646,0.849404776,9.668634008,4.447372425,1.319003248,-0.287374129,0.639544339,1.565257637,3.695617787,-0.91175357,-0.259491367,1.598133103,1.961384709,1.045664782,10.00506761,1.577410137,1.320140011,1.900360964,1.180895236,5.691994705,2.474735158,1.020014973,5.450800119,-0.060899478,-0.28776516,7.067883767,1.699960036,-0.50788307,3.714933222,2.111512114,6.184114318,1.622019667,0.684568268,3.115513286,0.59372083,1.131234827,1.595297404,1.668170546,0.566210494,2.753874691,8.019155652,-0.754513708,-0.054277569,4.006491056,9.093827938,3.822645254,2.51400922,0.549070263,5.408444599,1.263484919,0.226218955,8.914820713,1.670623454,0.432206766,0.85925329,0.735055438,2.271531281,4.674649788,0.571680096,0.025065992,1.452460049,0.835315383,4.554064969,2.581736912,1.378664816,0.301359734,0.605854819,4.712727568,0.689492848
23MFT7:2-Day_7,1.045521944,-1.401701551,1.617147783,0.649960691,0.583124385,0.181153146,0.584148732,1.257933757,1.015510313,2.251134519,6.671462052,1.380200248,8.910705115,3.898835771,2.272239339,-0.401471251,4.019552519,5.795441994,1.075190677,4.843616997,0.135949048,-0.174198841,9.046133617,1.972344761,1.323983904,9.229850454,4.457745171,1.747850642,-0.032968714,0.561288143,1.167553032,3.752246487,-0.142431709,0.052514659,1.196190271,2.078860694,0.7825434,7.52188734,1.327180953,0.813155246,1.348538857,1.099897933,5.483755819,2.439617623,1.043492236,5.383723311,0.727084935,-0.238424377,5.821675446,0.753200513,-0.05070679,3.746637449,2.166765749,6.056653665,1.156794125,-0.006831401,3.032832416,0.822768002,1.489281713,1.611886727,1.127895016,0.772827209,2.267617511,8.047196256,-1.250987574,0.172863172,3.353174928,9.03088574,3.753325418,2.304157303,0.655170717,5.697435442,1.491165514,0.108602684,8.599755261,1.654599801,0.85107106,1.117362336,0.488052876,1.538758368,4.357693784,0.050332278,-0.063812895,1.392846376,1.063956181,4.178450657,3.140075531,1.276598552,0.096752605,0.281922107,4.716795604,0.895901877
23MFT7:4-Day_5,1.606957517,0.285028526,1.781483268,0.85165345,0.703314607,0.3742631,0.571078047,0.932182339,2.008713674,2.57149184,7.547866666,2.461883769,8.604298261,3.111317089,3.586762422,-0.022981525,4.370488479,6.474844996,0.818209603,6.79888978,0.566625374,0.787587186,8.992159927,2.295259291,1.025686576,8.170535351,4.513191077,1.351899482,-0.013194333,0.952255119,1.315930033,3.47656227,-0.553375129,-0.238440074,1.676675172,1.688815544,0.409955952,12.76153915,1.731348675,1.246871878,2.658788904,0.978952611,5.704827092,2.433890846,1.152890361,5.070420801,0.772588576,0.364893621,6.873287324,1.632639385,0.074908446,3.831549507,2.140980868,5.817739904,0.980311723,0.343705315,3.221515845,0.523214604,0.8218705,1.401267902,2.343992874,0.57105906,5.146945717,7.965536962,-0.763788578,0.136152369,3.185699389,9.141437053,3.953377411,1.812941868,0.65688286,4.929413239,1.653041391,0.087647182,10.19486681,1.150689223,0.515090849,0.997708281,0.460483249,0.790153696,4.438764052,0.499180271,-0.148782717,1.19937768,0.800413128,4.408983599,2.989472321,2.378634843,0.056114504,0.263117477,4.728254689,0.668678838
23MFT7:1-Day_14,1.397508295,-0.04163328,1.598530863,0.141434014,0.280268192,0.640526186,0.442631405,1.549183016,0.903442285,1.993102374,6.669134502,0.588946874,8.861292629,3.781420849,2.160268071,-0.187620541,4.216099226,6.196255558,1.545605968,5.611801474,-0.14740834,-0.229736784,8.896503225,2.682355257,1.093985203,10.40549039,4.788895311,1.277376201,-0.717519138,0.521961547,1.129829691,3.581039969,-0.504752159,-0.168311922,1.226314364,1.945292884,1.279813108,7.445169311,1.815926718,1.078017813,1.749652343,1.390442146,5.778278231,2.173494957,1.266899064,5.436518324,0.971316694,0.441461522,3.730375336,1.245085026,-0.022676253,3.241870705,2.217744352,6.176018681,1.400011386,0.603124115,3.227770753,0.786494826,1.027245857,1.566661349,1.294140671,0.223064441,3.136143758,8.119704787,0.167769759,0.158058193,2.393467187,9.203629122,3.814584741,2.349337583,0.602047066,4.964327315,1.379198534,0.201292079,7.384756419,1.036800277,0.600043686,0.786599057,0.469141445,1.512115712,4.441657752,0.7221433,-0.407322657,1.531606342,1.302337999,3.095786274,2.931005422,1.460464322,0.301880764,0.147444476,4.929768685,0.771291576
23MFT7:5-Day_5,1.34443342,-0.077157966,1.82726495,0.690169813,0.384826784,0.027736454,0.144138295,0.63258374,1.04428577,2.360776901,6.730215491,2.10303714,8.63805098,3.218386134,2.952126023,0.045720747,3.870948453,5.817071803,0.883831847,4.969365408,-0.222376194,0.505573753,8.8832032,1.844148463,0.946225365,7.243106674,3.972451281,1.34398115,-0.196057282,0.736851725,0.774269093,3.374607389,-0.257180437,-0.274641411,1.383026134,2.151296306,0.485142738,11.28815784,1.466340815,1.144963803,1.977478163,1.033956252,5.554856926,2.230859959,1.371784713,4.086162135,0.5771387,-0.424887411,5.952604592,1.671421386,0.502365014,3.834249208,1.844211354,5.791153016,1.00410327,0.629108491,2.813013644,1.374752356,1.049989465,1.389465319,1.582950718,0.885306473,4.694516803,7.927311837,-1.044223626,0.273637024,3.072508683,9.067656367,3.800207148,1.974750974,0.027294595,5.158847124,1.470571417,0.332425629,10.21906225,1.536532898,0.705072265,0.868947615,0.468720432,0.97615872,4.281611872,1.035918132,-0.442054098,1.307438343,0.720545207,3.704853647,2.038857718,1.350221393,0.271339149,0.720982207,3.965971787,0.658225065
23MFT7:4-Day_4,1.352727094,0.233312827,2.170753981,0.032961163,0.819710299,0.058750267,0.587778346,1.019700494,1.817480664,2.85997749,7.296012486,2.859709016,8.85784446,3.223804525,3.278898598,0.036849422,4.380095678,6.287830171,1.048817464,6.751524774,0.090832153,0.518621054,8.960731978,2.477251719,1.283979217,7.619573027,4.182728897,1.601956723,0.060942054,0.6037439,1.057839755,3.670139306,-0.08099002,-0.352448211,1.549971697,1.937068053,0.584747733,12.78867313,1.364391001,1.265513571,2.442066417,0.989404327,5.679444424,2.663144156,1.157110648,4.557327509,0.613433409,0.519317793,7.10958942,1.575898961,0.636698235,3.983789688,2.259233072,5.75481508,1.176190915,0.826572015,3.175586451,0.931163956,0.832538596,1.4025866,2.541534673,0.618637545,5.09022943,7.961680603,-0.686540236,0.243830965,3.240604376,9.173858103,3.899305446,2.054581295,0.627630289,5.056249662,1.366090195,0.222931097,11.63619031,1.542409171,0.348695877,1.022591035,0.971762072,0.878806742,4.683513187,0.245158216,-0.517730599,1.375614763,0.511974404,4.393217507,2.564268438,2.450357457,0.06543444,0.585318237,4.695628536,0.89527294
23MFT8:4-Day_14,2.106418679,1.350511309,1.762945436,0.552236036,0.4725821,0.843047735,0.792044561,1.275485058,0.852109928,2.589096994,7.045508464,0.814413665,9.338599078,3.668165991,2.493186039,0.29887216,4.16841734,6.520484617,1.269488875,6.773466148,0.446294635,0.449861667,8.989135303,2.546366103,1.232985538,10.4420721,5.025142022,1.649676706,-0.486678287,0.302632497,1.661086275,3.654470923,-0.845568734,-0.184451753,1.437758948,1.926981116,1.351572434,7.671347888,1.806035187,0.665270635,2.565996425,1.214551525,5.338657806,2.141356038,1.04806931,4.851334279,0.841084462,0.259716869,3.818263445,0.991931554,0.166153934,3.373668464,2.119167729,6.240172736,1.7360149,0.462431387,3.407134088,1.161626593,1.182856987,1.648184863,1.492981067,0.877406382,2.415820098,8.067608311,0.054483143,0.242070489,2.503765249,9.052890898,3.608635864,2.863511146,0.662492682,5.231479453,1.414678227,0.233599826,7.58555434,1.506499716,0.396732963,1.225799629,0.593434796,2.043065249,4.6289072,0.301269719,0.421476325,1.238266656,0.967307705,4.416515112,2.562511226,1.437887094,0.000220674,0.458216433,4.372379956,0.672454245
23MFT8:5-Day_0,1.209467419,0.04923312,1.740101414,0.142018395,-0.131486986,-0.111628581,0.49413929,2.024801817,1.097241885,2.962749662,7.649515343,0.725543527,8.263075156,3.175935422,2.35912041,0.020873098,4.398305541,6.016033359,1.167814244,5.501678504,-0.398413791,0.818097318,9.385931652,2.889087418,1.028537086,8.821765509,4.164430764,1.461349572,-0.23746101,0.728324969,0.587307756,3.498733297,-0.979423311,-0.528731605,1.286063238,1.768097554,0.377314949,6.901815266,1.50510407,0.676079041,1.743068851,0.812705198,5.771552903,2.083005404,0.991759709,5.875712759,0.733004836,0.632091195,3.966221876,1.755694229,-0.199541231,3.570412564,2.352635502,6.039470398,1.518650727,0.174166767,3.187310109,0.747703179,1.077419175,1.458008099,0.899914208,-0.171189562,1.683012495,8.2444927,-0.184191165,0.096750149,1.911453775,9.165115317,3.931169141,2.441423303,0.243197376,5.358773414,1.267415933,0.232321425,7.879332016,0.976125019,0.753705757,1.216137254,0.858423826,1.208613821,4.868383755,-0.368597708,-0.384776301,1.080148451,1.663199834,2.989062964,3.498534661,1.439191597,-0.127774063,0.162699676,4.99003518,-0.140726198
23MFT7:1-Day_3,1.597176938,0.363096045,1.882062733,-0.06653933,0.586793866,0.282620441,0.354335965,1.330920932,0.88371023,2.322893108,7.105411817,0.712731088,8.212894804,3.266444678,2.427442374,-0.181241028,4.051189975,5.818594027,0.718491278,5.400626769,-0.084624822,0.369535754,9.156760991,2.427504364,0.802098509,8.679258033,4.113855944,1.490065735,-0.426684923,0.577553902,0.593541078,3.527685908,-1.004380932,-0.924649985,1.317694794,1.747268014,0.577091618,7.181650217,1.411467343,1.094728547,1.615336988,0.833088452,5.542398183,1.97042265,1.061000423,5.399296289,0.469041746,0.692771585,3.666336852,1.663029673,-0.484815923,3.266904588,2.29081859,5.761677471,1.049686989,0.427903532,3.190786892,0.436529892,1.441621608,1.618384547,1.157962886,0.608122204,2.620758846,8.214272975,-0.680121399,0.132011075,2.00316772,9.184226954,3.750294225,2.068406828,0.701912606,4.983342617,1.521739979,-0.038551769,7.218698546,1.419208296,0.425649845,1.071521436,0.297519116,1.177196769,4.425427781,1.216342949,-0.488913161,0.853503273,0.825466195,2.848999443,2.911264872,1.152407776,-0.291395068,0.359662526,4.687682093,0.352624625
23MFT8:4-Day_1,1.960573362,1.449992022,1.749175613,-0.009205516,0.956152097,0.366433631,0.244091988,1.471220797,1.190768902,2.692787351,7.094213365,1.996883358,9.27315392,3.737138031,2.701495753,-0.14869655,4.21381359,6.435724424,1.313661367,6.828901071,-0.185868548,0.736926466,9.018163536,2.837630549,1.009448909,10.12224232,4.36739602,1.378580825,-0.803750111,0.620890756,1.183426572,3.481346746,-0.562480469,-0.592111213,1.001982739,1.774594013,1.031448281,8.082216177,1.690909405,0.954706389,1.807818182,1.1692166,5.411074407,2.520810357,1.110202484,5.831686593,0.390655059,0.76485141,6.185499388,1.135298516,0.010001831,3.78146972,2.286109388,6.159779563,1.446549919,0.090414345,3.272426158,0.944156568,1.051209465,1.610279477,1.287721322,0.437578437,2.177708599,8.06477525,-1.625882906,0.143448086,3.967727728,9.10831891,3.707053104,2.557390508,0.609712929,5.509720407,1.372648849,0.404728203,8.003350589,1.250291261,0.528352975,0.717746846,0.669980836,2.254881885,4.378057011,0.877356496,0.415769445,1.18405773,0.884855404,4.665595588,3.343952428,1.190875035,0.230024087,0.118034835,5.062358141,0.48706038
23MFT8:1-Day_1,2.418159366,2.202773386,2.043752917,-0.030975416,1.440843551,1.111803099,0.472207826,1.371538913,1.415854642,2.472234606,5.908463619,3.073013971,9.565656209,4.769780524,2.05426777,0.019915393,3.627249527,7.000038274,0.922540567,7.151110277,-0.233783361,0.607404855,8.668979549,2.638886464,1.34458848,10.50214081,4.195983234,1.523665629,-0.696534426,-0.081103398,1.756886742,3.206317684,-1.392955089,-0.862794234,1.114962825,1.840382928,1.408680386,8.775278966,2.055143677,0.753376637,1.739292082,1.763443751,5.119994136,2.349286385,1.126332096,5.205863357,0.406971649,-0.122579372,5.142152063,1.568903328,0.106871683,3.341426507,1.800428906,4.982457341,1.295053026,0.009354703,2.934841604,0.190555764,0.977129644,1.444590884,1.952181763,0.157783529,2.571716816,7.720532063,-1.026457176,0.201353621,4.077454887,9.006020437,3.458879786,2.72889259,0.699558756,4.062618893,1.424330618,0.511075783,8.557091642,1.254748225,0.562729283,0.866190416,1.171005694,2.73828021,4.117789062,0.356248785,0.378948876,1.411966038,1.360360009,4.73027491,2.286635087,1.225098964,0.252670646,0.373003023,4.693798742,0.646556682
23MFT8:2-Day_1,2.327526361,0.750227308,1.689966636,0.403708099,1.145890313,0.435806217,0.589587435,1.690901189,1.035600782,2.310761288,6.934533529,2.213218458,8.997806151,4.301065105,2.315719149,0.195539953,4.275166604,6.708926451,1.060331429,6.577400337,-0.653351303,0.804544906,8.862648966,2.951832822,0.889575547,10.00270658,4.052194873,1.164738582,-0.162821306,0.388138216,0.94996373,3.454421205,-1.096590136,-1.46473332,1.479378293,1.635320007,0.914493783,8.108490101,1.457134825,1.009877976,1.94300429,1.127826918,5.547806615,2.494909371,1.179082389,5.936922138,0.716538192,0.800506056,5.784173055,1.787925541,-0.607708156,3.60566904,2.033949867,5.664848338,1.526131244,-0.109901052,3.091159003,0.823103801,1.181325406,1.402912047,1.292783378,0.314623528,1.818090702,7.978464416,-1.259723761,0.030249146,3.836875947,9.079847367,3.759925073,2.903929613,0.613640561,4.9796003,1.447134425,0.03084319,8.264435149,1.510507389,0.38129512,0.729660677,1.272783781,2.738304024,4.365980878,0.849891584,-0.066535035,1.345911088,1.182537662,4.3816799,3.201964092,1.380847767,0.227006429,0.110654957,4.878362175,0.13382839
23MFT8:1-Day_9,2.279545933,0.626218419,1.551485099,0.495452966,1.007246185,0.207266791,0.277339013,1.149310962,1.137467788,3.350229587,6.61530145,0.898387333,8.948519995,3.859708747,2.787394434,-0.468014658,3.364858354,6.419144313,0.920103759,5.974673606,0.05450625,0.273339943,8.665357372,2.179366483,1.113657824,10.28143095,4.484719327,1.122282811,-0.393949893,0.494740122,1.292722108,3.217977716,-0.205736084,-0.870768067,1.351629865,1.808578472,0.702892616,8.243940756,1.571493682,0.940873095,2.202343435,1.180856522,5.133130268,2.903829068,1.025841686,5.067069874,0.803474076,0.655550759,4.991321745,1.637036134,-0.084250478,3.421547968,1.887385429,5.591061233,1.501270779,0.531563522,2.508770896,0.824508149,1.306046461,1.866344057,1.703260466,0.58757194,2.904913255,7.428408806,-1.019019594,0.141368687,2.574691692,9.001641173,3.458767814,2.326898805,0.128612892,5.122728709,1.034185323,0.055522548,7.918149768,0.60713138,0.708301531,2.076174686,0.236018975,2.100362894,3.911299936,0.434238381,0.990586549,1.413511332,0.691806484,4.113687749,2.41609923,1.132735961,0.384437094,0.381851969,4.066824482,0.622307671
23MFT7:1-Day_7,1.750332226,-0.187404597,1.607374191,0.072059843,0.781888591,0.12544296,0.588091497,1.003650411,0.892556158,2.22035011,6.651645846,1.890275546,8.932785981,3.685552224,2.381324523,-0.104096665,4.000462974,5.909962709,1.019583798,5.002514861,0.255860677,0.248901521,9.022644141,2.458651102,1.214096792,10.17226365,4.228254904,1.445370928,-0.344652482,0.318281507,1.088515146,3.709259618,-0.277467765,-0.688150215,1.036221488,2.04748839,0.92750961,7.3599936,1.481763927,1.096500716,1.640164504,1.086393061,5.661245219,2.374636879,0.975497307,5.188845457,0.378446751,-0.091647072,5.293520713,1.074642248,0.328642893,3.587995027,2.158277227,6.068950042,0.645397612,-0.600452324,2.883083426,0.582919502,1.25247169,1.494562751,1.024897515,0.369217003,1.540268283,8.068050055,0.29376822,0.124483266,3.640909004,9.132555193,3.837697416,2.190998591,0.597852905,5.153244668,1.225855029,0.088813554,8.270825045,1.589146321,0.671710024,0.72594713,0.424701248,1.743112607,4.422419939,0.936920408,-0.111793806,1.232115317,0.699466716,3.632699024,2.60466844,1.239844292,0.464186859,0.364870388,4.310815276,0.953579722
23MFT8:3-Day_4,2.299680629,1.780058171,1.88828322,0.26903685,0.441975782,0.800546663,0.332671126,1.703298399,1.434211066,3.250134051,7.640658745,1.540706777,9.177184341,3.898712622,2.472730852,-0.081542316,4.31706403,7.079996829,0.974476697,7.047534901,-0.007952619,1.039740202,9.072824072,3.075613767,1.04867882,10.39382517,4.638620405,1.18367898,-0.415681137,0.416079336,1.496492641,3.619698976,-0.781642865,-0.620941529,1.623579875,1.610613221,1.360654025,9.034151535,1.617256519,0.814161021,1.703828652,1.315193757,5.538148588,2.683632482,1.059828997,5.877787117,0.435408953,-1.205450869,5.959191693,1.372095485,-0.551102532,4.170898201,2.380025445,6.374585599,1.721364989,0.113196892,3.350752619,1.038666619,1.41098443,1.516608443,1.770117032,0.304654597,2.38693568,8.133297616,0.070945918,0.114130378,3.553861261,9.002921557,3.733849244,2.80737986,0.797623236,5.892641809,1.302537293,0.287951514,8.016662351,1.753836767,0.484649771,1.009319088,0.490481815,2.948408303,4.596338194,1.407085192,0.812909096,1.126749577,1.932529948,4.018087926,3.441471064,1.259386034,0.184840947,0.493026285,5.117206714,0.246809894
23MFT8:3-Day_9,2.323146886,0.834380986,1.982717504,0.299483553,1.200326784,0.255643189,0.369729779,1.442910226,0.985591878,3.075972449,6.982050421,1.075693049,8.957059316,3.922079332,2.650814864,-0.072736343,4.080059594,6.188139042,0.875774506,5.674693127,0.280104754,0.637047746,9.114953262,2.668036088,1.354411831,10.18479132,4.365172821,1.090020741,0.053028661,0.571433808,1.474190186,3.476817086,-0.799461812,-1.178341775,1.514614745,1.763260475,0.783020053,6.957100368,1.445268221,0.82190149,1.441141402,1.329706379,5.58355285,2.474734382,1.011140244,6.055070061,0.885933931,-1.108908211,5.885766251,1.9702464,-0.071569373,3.994410471,2.137436727,5.956227465,1.068280013,0.546033384,3.150547946,1.162863447,1.154476906,1.588214083,1.061618943,0.216522455,2.708305271,8.054068028,-0.971754715,-0.085560482,3.173992686,9.056992154,3.786516666,2.513078332,0.428035045,5.944557455,1.699450437,0.196920956,8.309082452,0.931939632,0.378410328,1.005329372,0.50445585,1.685916627,4.535488314,0.677896689,0.235181512,1.26962592,1.544359144,3.910820058,3.672484891,1.040894903,0.678053915,0.042780201,5.111992833,0.328508866
23MFT8:5-Day_14,2.19152912,-0.30659774,1.719974098,0.459316192,0.777170248,0.205118342,0.585056318,1.250732448,0.898327061,2.205118776,5.493619691,0.951936543,9.291335553,4.41641364,2.569712959,-0.234378967,3.400235868,6.216427455,0.89100115,5.244135238,0.187883862,0.305411788,8.661908108,1.794347805,1.328725993,10.37392687,4.617370879,1.104901374,-0.332122226,0.544907985,1.420810378,3.180620177,-0.523403344,-0.476432926,1.323597404,1.89645848,1.19307805,8.495909789,1.605176969,0.778312299,1.96309048,1.215298497,5.440546621,2.525088544,1.116210553,4.754928918,0.872290041,0.034646859,4.968710769,1.434626366,0.268559897,3.33884162,2.193312085,5.268433907,1.354267091,0.169012187,2.870580719,0.360877832,1.448592178,1.644740185,1.654214132,0.229763517,2.916166064,7.577882138,-1.093310963,0.186505883,2.847240001,8.896559217,3.6093527,2.150707751,0.421555178,5.188569194,1.414915223,0.225353654,8.511938099,0.888304969,0.480036233,1.984833105,0.425725987,1.691825807,3.946316131,0.479407241,0.814551349,1.745646304,0.834489362,4.854234481,2.62786845,1.221469332,0.256601463,0.449317699,4.568488704,0.779079812
23MFT8:5-Day_2,2.235044703,1.651813694,2.058317047,0.120524089,0.39235275,1.064879577,0.267136113,1.655151099,1.117913934,3.164182205,6.979398,1.568879225,9.385639354,4.946999221,2.191078954,-0.038497225,4.364601295,7.048152839,0.788653773,6.619434734,-0.497759065,-0.034992024,9.041340111,2.825751922,1.143576495,10.43417841,4.680364893,1.432910366,-0.396111921,0.623185833,1.394853776,3.646191965,-0.903471215,-0.514805099,1.291394036,1.786230997,1.442946284,9.920219184,1.79076882,0.931761804,1.768938119,1.471804577,5.541318488,2.825670766,1.035884147,5.642895482,0.904552616,0.609962032,7.027714685,1.69789672,-0.084194544,4.014449728,2.413431339,6.246104145,1.49664063,-0.110528412,3.32964622,0.739001452,1.38696103,1.538314501,2.076334245,0.474580668,3.061228588,8.054776892,-1.512886766,0.082831419,3.822488218,9.044690275,3.844009067,3.060878941,0.671011494,5.943452412,1.338073452,0.397143256,8.701866978,1.728651536,0.729282353,0.892086675,0.814399176,2.814244872,4.6905102,0.329042013,0.487247816,1.263346499,1.47377908,4.283808402,2.884146781,1.350020533,0.086765707,0.327356934,4.573628786,0.692526084
23MFT8:2-Day_2,2.318400936,1.529301844,1.966530918,0.531410245,1.112932044,0.825453693,0.139338657,1.325978133,1.322158181,2.342161143,6.584312135,1.465607746,9.203573561,4.496833487,2.683366284,0.063484822,4.067547043,6.907642287,1.124025436,6.943692166,-0.011767267,0.63377735,8.901953991,2.892773701,1.283338844,10.316902,4.332900011,1.264794404,-0.341645576,0.44238305,1.588900724,3.596208914,-0.49621592,-0.730375382,1.258342546,1.916609459,1.175204566,10.94128967,1.726352486,1.34981803,1.796044492,1.405201666,5.527027486,2.265597729,1.06719327,4.995759473,0.859459406,-0.123560583,6.402371352,1.895209769,0.331327704,3.27480314,2.196114487,5.61641174,1.606629387,0.704835761,3.091116066,0.926639694,0.790804642,1.638666338,2.155104685,0.957016505,5.039838883,7.98624679,0.061212537,-0.004932224,2.774381788,9.118061654,3.715256792,2.377093244,0.737031537,4.299707579,1.422223589,0.216073894,8.813091221,0.852990203,0.753150345,0.852520849,1.068202013,2.202657722,4.52113292,0.905746197,0.064045884,1.210749506,1.230141123,3.543374639,2.144022714,1.377218805,0.030723005,0.472765654,4.247832873,1.172769345
23MFT8:3_D14_2,1.104452295,-1.061950819,1.618880707,1.252656672,0.749054649,-0.13415607,0.726923844,0.488037147,0.94516993,2.511641033,4.794749797,0.754623546,7.001235731,3.063062186,2.062430911,0.82236679,3.338340193,4.993748028,0.993765078,3.22150516,5.431704323,1.009922345,8.63345206,2.588896081,0.901446008,4.761940784,3.250964929,1.748361682,-0.199465539,0.536994014,0.865957999,2.63097607,-0.389278662,0.28750826,0.833562545,2.049097336,0.299140876,6.615795824,1.335256863,1.074456681,2.006106235,1.001681114,4.786796527,1.665838969,1.162862842,2.284444778,0.772073576,0.379897476,2.207850358,1.085765576,0.851823207,1.65805037,2.373163563,1.732221715,1.997835016,0.843087614,2.636725335,0.843946796,1.232079716,1.681319907,0.829301722,0.63586661,2.041357096,7.195716316,-0.625467905,0.428766913,1.264957258,9.012810709,3.323202067,2.477625428,0.850523577,5.660728277,1.404373672,0.43387714,7.513212947,1.375519387,0.927005624,1.549711006,0.453961968,1.108775754,3.93374267,0.044658858,-0.029871876,1.548807123,1.082205501,3.535641224,1.333318763,1.433806822,0.311130206,0.453405919,2.760037741,0.974899259
23MFT8:2-Day_14,2.562747649,0.358011451,1.389443377,0.576230783,0.723850059,0.18750354,0.767124629,1.284432187,1.061626589,2.442741146,6.1491061,1.60486594,8.916838424,3.513604253,2.381281162,0.084994055,3.602763634,6.502086968,0.93192423,5.984119617,0.070814493,0.463255818,8.61250693,2.625678577,1.096801965,10.12018318,4.011073115,1.174741907,-0.203606185,0.262383402,1.571367192,3.313914676,-0.684075782,-0.530424576,1.579383752,1.736647112,0.492769136,8.464602155,1.942976115,1.172819642,2.156008155,0.956947782,5.355208554,2.830955693,1.06580597,5.50778639,0.914236182,-0.000766614,8.43060422,0.97543142,-0.394639779,3.557726927,2.312548722,5.66791883,1.371928695,0.417779715,2.555549013,1.057622969,0.856088736,1.349719857,1.783620442,0.858772765,1.984728641,7.517676477,0.226277227,0.053660595,3.398298872,9.095462198,3.58385545,2.102966859,0.43237951,4.997783739,1.222572036,0.120729393,8.624697052,0.955654527,0.638995881,1.091063533,0.807049392,1.449978883,4.19052733,0.372289288,-0.281646161,1.209768547,0.172604863,4.511594996,3.220142479,1.160391776,0.224288083,0.268401432,4.72480536,1.22423557
23MFT7:1-Day_0,1.268384859,-0.645310488,1.565917654,0.2668352,0.542475933,-0.143170487,0.038889745,1.748096987,0.919183383,3.266730138,7.596731432,0.856978908,8.429734668,3.128566954,2.317246999,0.069882598,4.568099215,6.007413748,1.356340461,5.610513272,-0.012716228,0.107416669,9.078081842,2.801238594,0.938101995,8.919029174,4.239933877,1.552171086,-0.587111588,0.562308153,0.534316869,4.030009029,-0.324810826,-0.26115779,1.550000827,1.756135632,0.534574609,7.174214153,1.378668549,0.744119378,3.526626733,0.892110382,5.703288682,2.287567881,1.200401102,5.797602245,0.123204706,0.944783403,4.161494297,1.626012053,0.337437278,3.779014722,2.322744677,6.434943676,0.985326622,-0.314932614,3.194429124,0.97407567,1.478917324,1.536128792,1.235964449,0.603558266,2.789799166,8.196016957,-0.207296453,0.196056437,1.730356263,9.15643379,3.877619179,2.396043477,0.716925694,5.905528664,1.12770339,0.393376422,8.111100016,2.006501039,0.632095525,0.904117355,0.64032549,1.374516465,5.032977426,-0.531756064,-0.456908192,1.091361363,1.352578704,3.359744195,3.4746882,1.911739937,0.068841861,0.404761332,5.261993507,0.40445404
23MFT7:2-Day_0_B,1.351566948,0.349631379,1.572248255,0.447184953,0.312656349,0.334560787,0.499032824,1.395342731,1.022540025,2.944010087,7.302905934,0.987391421,8.496884272,3.231398366,2.541941806,-0.037913561,4.308246893,5.957806005,0.862291132,5.287611156,-0.178724217,0.848522188,9.217975599,2.769010034,1.163825375,9.100506712,4.126207218,1.719640128,-0.399396052,0.275204208,1.336987856,3.698890814,-0.449810595,0.053185115,1.301474424,1.856841837,0.562347596,7.130966461,1.255776468,0.668073594,2.120810705,0.729481468,5.604734307,2.275189135,0.937967029,5.293601483,0.481297512,0.253234464,4.118680184,1.122751869,0.057891442,3.741292682,2.30307937,6.226261126,0.978721304,-0.07848824,3.005885044,1.089629039,1.181158848,1.618864223,1.048575091,0.546173681,3.033183028,8.2179234,-0.676463369,0.150471588,1.924251878,9.125490314,3.968986134,2.59497814,0.893525064,5.500605205,1.195363901,0.485442436,8.040063334,1.6543268,0.798371577,1.089197043,0.359311397,1.433270489,4.695671656,-0.705054203,-0.115790338,1.209476645,0.85456234,3.508897987,3.002862914,1.593265022,0.522082613,0.321712379,4.653504836,0.727116745
23MFT8:5-Day_5,1.53091162,0.869659815,1.664280456,0.325183235,0.536746771,0.240155422,1.154552056,1.047567861,1.717328758,2.490961673,6.57995577,1.911587678,8.357038155,3.216295586,3.654567921,0.469895131,3.430836417,5.993536434,1.345718971,4.994503639,0.511428697,0.778755785,9.000441943,1.958907155,0.955912915,7.623008119,4.240563227,1.689290353,0.18390221,0.738194585,1.12521848,3.308818876,0.134592193,0.576019021,1.353300277,2.267633287,0.810068358,11.84886409,1.514588032,1.309509024,2.495244853,1.055870283,5.418404993,2.421026525,1.053217524,4.588044492,0.382854342,-0.231840091,6.93667512,1.494148437,-0.228251756,3.277065242,2.028074515,5.744198574,1.773506759,0.746197507,3.08130373,1.339419187,1.217275013,1.577960742,2.143626619,1.355221033,4.872047061,7.817814037,-0.162961634,0.107452255,2.595593869,8.996711818,3.529837735,1.993946629,0.831140455,5.214310102,1.0193209,0.149356416,10.05243813,0.140755207,0.649228802,1.376610645,0.594058657,1.490808354,4.150896509,0.851733532,0.706737856,1.576702579,1.069642232,4.027635135,2.042352139,1.593676648,0.217270761,0.484630761,4.32953678,1.503390741
23MFT7:1-Day_5,1.524219173,-0.249843011,1.581044416,0.287052853,0.645440448,-0.328931784,0.131832713,1.56486682,0.933177032,3.071339696,7.096746839,1.575460621,8.414494901,3.028547956,2.452636956,-0.034447695,4.041637546,6.038596839,1.196039386,5.169957718,0.200851404,0.018292072,9.080459671,2.705842194,1.17592809,7.732146239,3.908486926,1.33543617,-0.383366904,0.754321109,0.647504877,3.494820403,-0.625857711,-0.682262216,1.387142007,1.909977131,0.327484615,7.361040125,1.242833539,1.356341216,1.882715574,0.769320454,5.550555192,2.37503838,1.323816158,5.559073196,0.901641476,-0.114257559,4.663931898,1.751865638,-0.157177009,3.365623128,2.006350135,5.934516779,1.237079444,0.685430465,3.054232575,0.723048897,1.165861441,1.722386381,0.796953503,0.532355788,2.850244286,8.099111723,0.286305776,0.087252992,2.520794448,9.085981383,3.651015856,2.229645698,0.727887435,5.374855211,1.335958385,0.083139834,7.424537133,0.798235681,0.692507351,0.987193997,0.955525902,1.321526446,4.434032153,1.06076942,-0.350984589,1.388979096,0.790892827,3.485417559,3.128306175,1.627413056,0.422702155,0.478128609,4.531156867,0.816576234
23MFT7:5-Day_7,1.25268585,0.0483787,1.184261811,0.155020903,0.083327524,0.23461618,0.304859936,0.913928627,1.21881995,2.302542274,7.031864238,2.10304345,8.379219083,3.086010803,3.550387334,-0.095749423,3.526620867,5.786105265,1.185113643,5.252526776,-0.303645885,0.67010756,8.982585426,1.843477846,1.093646163,6.945695118,4.032165845,1.426782074,-0.278579228,0.672156651,0.472611775,3.50681236,-0.411760052,-0.046824676,1.413200622,1.730575683,0.2457543,11.34035254,1.257161688,1.387026643,1.826809391,0.86881919,5.48064242,2.290958492,1.086664364,4.876506209,0.950912926,0.58517815,7.192945374,1.60513145,0.317192269,3.623259714,1.810768869,5.663122256,1.399112445,0.383737206,2.631824032,0.889938425,0.56474746,1.506220727,1.820017868,1.023385777,6.203324722,7.780134026,-0.134515895,0.444439168,3.315634806,9.058667606,3.627403195,1.84791885,0.39408959,4.885478843,1.337178619,0.188633499,9.41934527,0.80983902,0.632133823,0.9618177,0.226189135,0.929430997,4.229039937,0.634876448,-0.728434145,1.221556891,0.863457571,4.223663499,2.381495958,1.32591633,0.14079522,0.354348267,4.007806517,0.261285605
23MFT7:1-Day_4,1.822918665,0.415153789,1.649214506,0.248079778,0.627424436,0.840930501,0.33597444,1.713886753,1.001029224,3.711126343,7.38757698,2.755571253,8.791531257,3.396349753,2.491886124,-0.055506668,4.153479265,6.302979888,0.695934304,6.031820921,-0.149082689,0.225214771,9.112269503,3.075642049,0.886587837,10.07414693,4.367659485,1.399573313,-0.668412609,0.686028138,0.993284349,3.674521321,-0.766763948,-0.73724904,1.608825447,1.863409084,1.011044305,7.948904457,1.211037114,0.894366907,1.801235793,1.050431437,5.685666515,2.615025735,1.105475457,5.985866949,0.761527641,0.087998285,5.037119813,1.817160687,-0.426168622,3.629597138,2.448477689,6.429423616,1.111505618,0.232300094,3.28620414,1.146792137,0.678459014,1.567381635,1.473812606,0.20194847,1.898323748,8.131338142,-0.465220467,0.043387447,2.960608865,9.263925038,3.764685764,2.329411897,0.495978302,5.593458042,1.310091532,0.16315335,8.001604446,0.92998216,0.458653836,1.108385462,0.389672308,1.67463854,4.781139792,0.347539366,-0.242146027,1.363773986,0.841108897,3.611994827,3.324914999,1.586595851,-0.008738548,0.467855591,5.135370607,0.015761478
23MFT7:5-Day_14,1.917604016,0.055695852,1.743120968,0.244425343,0.364969897,0.01564737,0.172136731,1.413949327,1.080095873,3.268189606,7.029353142,1.121830216,8.830407085,3.497255536,3.024513638,-0.097233835,4.099694031,6.366201806,0.77538491,5.422083611,-0.166246425,0.608118029,9.003322244,2.651168232,0.955007769,9.935708504,4.75069215,1.272070641,-0.518621884,0.448845665,1.293803757,3.630285521,-0.627179277,-0.487778683,1.137131237,1.754811445,1.006757346,7.746683368,1.62584551,0.987062263,1.901380781,0.864196486,5.50354073,2.299668817,1.196188495,5.22665981,0.876636278,1.003308767,4.82939865,1.16566328,-0.359307042,3.540209097,2.190670137,6.281094561,1.477269639,0.35787963,2.673228531,1.291451331,0.765229027,1.445738674,1.402809552,0.555277115,2.266758031,7.98207536,-1.174332561,0.421772765,2.011672879,9.124958335,3.737574965,2.335835845,0.258136886,5.581720216,1.223899464,0.387182001,7.718113457,0.807305211,0.310765682,0.986103938,0.49396703,1.714925757,4.380374418,0.413339044,-0.178372126,1.397105757,1.190022223,4.125342849,3.070773451,1.300330359,-0.044494965,0.227005549,4.946171022,0.606107505
23MFT7:4-Day_0,1.205202115,-1.527423033,1.79869463,0.029151194,-0.239800767,0.050814614,-0.140019869,1.574055819,1.050221911,2.736060598,7.210067096,0.890883997,8.172451087,3.057526165,2.577180206,-0.340860423,4.329588279,5.657300576,1.368059011,5.329089331,-0.214716533,0.229882703,8.991417915,2.703960071,0.985753142,8.605169418,4.077989712,1.394003523,-0.184061159,0.542740844,0.884432633,3.598757875,-0.727834902,-0.156337109,1.478244929,2.052152471,0.084112472,6.420958062,1.316207075,0.940642149,1.598539291,1.092459257,5.77134845,2.310649875,1.377931904,5.640267164,0.741657807,-0.4140953,3.355809397,1.356844358,-0.026795205,3.503612801,2.297483801,6.016853543,1.105997154,0.885887592,3.294633919,0.875108588,1.088739554,1.296490768,1.058892555,0.403465195,1.179168531,8.170335491,0.427208539,0.156482654,2.120578963,9.220509792,3.901863877,2.190840874,0.522484323,5.563643533,1.256416953,0.41821477,7.440289623,1.17028462,0.709681404,0.766511604,0.558505516,0.65459284,4.890770352,1.12295336,-0.696027484,1.377492684,1.01946069,2.897763712,2.805793654,1.52894534,0.135178115,0.534251801,5.109575208,0.371885359
23MFT7:4-Day_1,1.521051537,-0.463764369,1.63913625,0.615416557,1.113370618,0.186444955,0.379434594,1.257962946,0.992101109,2.984300653,6.741784728,3.032426277,9.070816198,3.704402258,2.047482951,-0.013625387,4.296592368,6.233002719,1.079578412,5.719049313,-0.460414582,-0.202759731,8.989631577,2.362666644,0.921435637,9.693673389,4.094726136,1.240599532,-0.605302299,0.460360254,1.165885905,3.358305337,-0.588339295,0.071888703,1.02595651,1.881384611,0.68776844,8.535820159,1.529158793,0.828545,1.586144357,0.98794397,5.626381802,2.310412525,0.770556992,5.538136836,0.471092243,-1.125625383,5.662870401,1.43409361,-0.640874983,3.218127294,2.017754795,5.75426976,0.907996524,0.431366569,3.181710713,0.801373683,0.777692934,1.629332817,1.078020721,0.334927445,1.887611066,8.011899151,-0.319699406,0.101558408,3.523736266,9.195177401,3.785820927,2.125188337,0.584464309,5.102091768,1.434241074,0.094524468,8.637045587,1.183764617,0.625788055,0.910362989,1.298648001,1.411595305,4.732329635,0.389558597,-0.449839728,1.385259334,1.175303477,4.264300428,2.563364042,1.469850706,0.424091665,0.230389735,4.741369157,0.783787541
23MFT8:5-Day_4_A,1.96344238,0.970344207,2.188057104,0.29642541,0.776819711,0.655120678,0.813203948,1.158199373,2.024561344,2.90243314,7.696777879,2.999274697,8.528607325,3.22448841,3.751911373,-0.032450352,4.204273841,6.462727446,0.787655198,6.724988665,-0.153772478,0.704221443,9.100719394,2.73041231,1.013602057,8.914518127,4.427269572,1.373564814,-0.818706419,0.398985935,1.023002663,3.448022739,-0.126012192,-0.295359902,1.773776206,1.822432712,0.401000396,13.47776788,1.339579947,1.912213287,2.261184251,0.741468733,5.523322035,2.609785995,1.06712364,4.901614661,0.468300828,0.56536594,7.007817033,1.354517321,-0.044808439,3.809245734,2.428256621,5.883140562,1.393426152,0.629741651,3.240453775,1.45568914,1.512847368,1.618050792,2.987716095,0.685538513,5.455804499,8.0665596,-0.30276508,-0.254777649,1.769648337,9.105924861,3.820059085,2.254947608,0.534201306,5.672814015,1.071987229,0.100812091,11.96551941,0.515302786,0.513105894,1.081588767,1.205035053,2.096177161,4.834854219,0.87667356,0.19673006,1.293098584,0.958723112,5.404869429,2.31876846,2.353521367,0.204600992,0.532510118,4.458504393,0.499892091